text,label,url
ጉግል ገልፍ ኦፍ ሜክሲኮን 'ገልፍ ኦፍ አሜሪካ' በማለቱ በሜክሲኮ ተከሰሰ,Politics,https://www.bbc.com/amharic/articles/cd0lznpxerno
በኦሮሚያ ምሥራቅ ቦረና ውስጥ 18 ሰዎች በታጣቂዎች መታገታቸውን ባለሥልጣን ተናገሩ,Politics,https://www.bbc.com/amharic/articles/c3v5xqwxq4no
ቱርክ የታሰረውን የኤርዶዋን ተቀናቃኝን የኤክስ ገጽ አገደች,Politics,https://www.bbc.com/amharic/articles/cjwq3zgvj07o
በለንደን የሚገኝ የእስራኤል ኤምባሲን የሽብር ድርጊት ዒላማ በማድረግ የተጠረጠሩ ሰዎች ተያዙ,Politics,https://www.bbc.com/amharic/articles/c4gedd4l3pdo
አልካትራዝ፡ ትራምፕ በድጋሚ እንዲከፈት ስላዘዙት 'የአደገኛ ወንጀለኞች' እስር ቤት አምስት እውነታዎች,Politics,https://www.bbc.com/amharic/articles/c4g2nnvlpzyo
ሕንድ እና ፓኪስታን በተደጋጋሚ በካሽሚር ላይ የሚጋጩት ለምንድን ነው?,Politics,https://www.bbc.com/amharic/articles/c1drd2y7dp7o
ዶናልድ ትራምፕ አሜሪካ የሁቲ አማፂያን ላይ የምትፈጽመውን ጥቃት ልታቆም ነው አሉ,Politics,https://www.bbc.com/amharic/articles/cp313qgkqgno
አሜሪካ እና ቻይና የገቡበትን ውጥረት ለማርገብ በዚህ ሳምንት ሊነጋገሩ ነው,Politics,https://www.bbc.com/amharic/articles/c8epex6163go
የካናዳው ጠቅላይ ሚኒስትር አገራቸው በጭራሽ ለሽያጭ እንደማትቀርብ ለዶናልድ ትራምፕ ተናገሩ,Politics,https://www.bbc.com/amharic/articles/creqenr1q4eo
የጄኔራል አል ቡርሐን መቀመጫ በሆነችው ፖርት ሱዳን ለሦስት ተከታታይ ቀናት የድሮን ጥቃት ተፈጸመ,Politics,https://www.bbc.com/amharic/articles/c70z224n9yro
በዩክሬን የድሮን ጥቃት ምክንያት የሞስኮ አውሮፕላን ማረፊያዎች መዘጋታቸው ተገለጸ,Politics,https://www.bbc.com/amharic/articles/cg72lkkjkzdo
"የኬንያ መንግሥት በፕሬዚደንቱ ላይ ጫማ  የተወረወረበትን ክስተት ""አሳፋሪ' ሲል አወገዘ",Politics,https://www.bbc.com/amharic/articles/ce3vdjgge7go
ትራምፕ ለሦስተኛ ዙር ፕሬዝዳንት የመሆን ፍላጎት እንደሌላቸው ተናገሩ,Politics,https://www.bbc.com/amharic/articles/c15vevk3887o
በደቡብ ሱዳን በሆስፒታል እና በገበያ ቦታ በተፈፀመ የቦምብ ጥቃት ሰባት ሰዎች መገደላቸው ተገለጸ,Politics,https://www.bbc.com/amharic/articles/c4g21v0541lo
ቀጣዩ የኢራን እና የአሜሪካ የኒውክሌር ድርድር ተራዘመ,Politics,https://www.bbc.com/amharic/articles/cddevg0d5d4o
"የአሜሪካ ምክትል ፕሬዝዳንት በዩክሬን የሚካሄደው ጦርነት ""በቅርብ ጊዜ ውስጥ"" አይቆምም አሉ",Politics,https://www.bbc.com/amharic/articles/ce92e10v3xpo
ትራምፕ የብሔራዊ ደህንነት አማካሪያቸውን ከሥልጣን አንስተው ለተባበሩት መንግሥታት አምባሳደርነት በእጩነት አቀረቡ,Politics,https://www.bbc.com/amharic/articles/c5ypele47dno
የዶናልድ ትራምፕ የብሔራዊ ደኅንነት አማካሪ ከኃላፊነታቸው ሊለቁ ነው,Politics,https://www.bbc.com/amharic/articles/c0qnx1z2pggo
የኬንያ የፓርላማ አባል በዋና ከተማዋ ናይሮቢ በታጣቂዎች ተገደሉ,Politics,https://www.bbc.com/amharic/articles/cd6j8yw52p3o
አሜሪካ እና ዩክሬን የደረሱትን ስምምነት ትራምፕ ለምን ፈለጉት? ብርቅዬ የተባሉት ማዕድናት የትኞቹ ናቸው?,Politics,https://www.bbc.com/amharic/articles/cwynp4z5x8do
አሜሪካ እና ዩክሬን ለረጅም ጊዜ የተጠበቀውን የማዕድን ስምምነት ተፈራረሙ,Politics,https://www.bbc.com/amharic/articles/c3evkgljw8zo
ያልተመለሰው የኢትዮጵያ ሠራተኞች ጥያቄ ከትላንት እስከ ዛሬ,Politics,https://www.bbc.com/amharic/articles/cedyjznj2xpo
ትራምፕ 100 የሥልጣን ቀናቸውን ራሳቸውን በማወደስ እና ተቀናቃኞቻቸውን በመወረፍ እያከበሩ ነው,Politics,https://www.bbc.com/amharic/articles/crkx56l080lo
"ካናዳ ከትራምፕ ጋር የምትደራደረው ""በራሷ ፍላጎቶች መሰረት"" እንደሚሆን ጠቅላይ ሚኒስትር ካርኔይ ለቢቢሲ ተናገሩ",Politics,https://www.bbc.com/amharic/articles/c0l054w65rko
"ቪዲዮ, ኬንያ ውስጥ ቁጣን የቀሰቀሰው የቢቢሲ ዘጋቢ ፊልም, ርዝመት 2,00",Politics,https://www.bbc.com/amharic/articles/c4g23422n7vo
በአቶ ጌታቸው የሚመራው ህወሓት 'ትግራይ ሊብራል ዴሞክራሲያዊ ፓርቲ' የሚባል አዲስ ፓርቲ ሊያቋቁም ነው,Politics,https://www.bbc.com/amharic/articles/c4g4yn339p8o
የግብፅ ፕሬዝዳንት አል ሲሲ እና የሱዳኑ አልቡርሃን በ'አባይ ተፋሰስ የውሃ ደኅንነት' ላይ መወያየታቸው ተገለፀ,Politics,https://www.bbc.com/amharic/articles/c1k4yx112l9o
በካናዳ በተደረገው ምርጫ የሊብራል ፓርቲ ማሸነፉ ተገለፀ,Politics,https://www.bbc.com/amharic/articles/czx1qe5l203o
ፑቲን በዩክሬን ለሦስት ቀን የሚቆይ ጊዜያዊ የተኩስ አቁም እንደሚያደርጉ ገለፁ,Politics,https://www.bbc.com/amharic/articles/c39jyy3j4k0o
ሰሜን ኮሪያ በዩክሬን ጦርነት ከሩሲያ ጎን ተሰልፈው የሚዋጉ ወታደሮችን ማሰማራቷን አመነች,Politics,https://www.bbc.com/amharic/articles/cy8qwpvvp9zo
ዜሌንስኪ ክሬይሚያን ለሩሲያ አሳልፈው ለመስጠት ዝግጁ እንደሆኑ 'እንደሚያስቡ' ትራምፕ ተናገሩ,Politics,https://www.bbc.com/amharic/articles/cgenv7nyjw1o
ሩሲያ እና ዩክሬን ስምምነት ላይ ለመድረስ 'መቃረባቸውን' ትራምፕ ተናገሩ,Politics,https://www.bbc.com/amharic/articles/cqj4prdndpjo
በአሜሪካ ሕገ ወጥ ነው የተባለ ስደተኛን እንዳይያዝ አስመልጠዋል የተባሉ ዳኛ ታሰሩ,Politics,https://www.bbc.com/amharic/articles/c89g3wne9n5o
ትራምፕ በንግድ ዙርያ ንግግር ለማድረግ ከፈለጉ የጣሉትን ታሪፍ እንዲያነሱ ቻይና አሳሰበች,Politics,https://www.bbc.com/amharic/articles/cx2yenge7k9o
"ትራምፕ ሩሲያ በኪየቭ ላይ በምትፈጽመው ከባድ ድብደባ ""ደስተኛ አለመሆናቸውን"" ገለፁ",Politics,https://www.bbc.com/amharic/articles/cly16q5pqz5o
ቻይና የዶናልድ ትራምፕን ታሪፍ ለመቋቋም ምን ዓይነት እርምጃዎችን ልትወስድ ትችላለች?,Politics,https://www.bbc.com/amharic/articles/cj9e4l71kg2o
ትራምፕ፤ ሩሲያ ክሬሚያን እንድትቆጣጠር እውቅና እንደማይሰጡ የገለጹትን ፕሬዝዳንት ዜሌንስኪን ወቀሱ,Politics,https://www.bbc.com/amharic/articles/c89gkj9l3nlo
የአሜሪካ ድምጽ ወደ ሥራ እንዲመለስ ፍርድ ቤት ትዕዛዝ ሰጠ,Politics,https://www.bbc.com/amharic/articles/c230zm4l8e2o
በሐማስ እና በእስራኤል መካከል አዲስ የተኩስ አቁም የድርድር ሃሳብ እንደቀረበ ምንጮች ገለጹ,Politics,https://www.bbc.com/amharic/articles/cz01pe01ze4o
ከግብፅ ለባለቤታቸው ጉቦ ተቀብለዋል የተባሉት የአሜሪካ ምክር ቤት አባል ሚስት ጥፋተኛ ተባሉ,Politics,https://www.bbc.com/amharic/articles/cg5qg4jvrr4o
የአሜሪካው የመከላከያ ሚኒስትር ለባለቤታቸው እና ለወንድማቸው ምሥጢራዊ መረጃዎችን አጋርተዋል ተባለ,Politics,https://www.bbc.com/amharic/articles/cx28pk0kv13o
በሺህዎች የሚቆጠሩ አሜሪካዊያን  ትራምፕን በመቃወም አደባባይ ወጡ,Politics,https://www.bbc.com/amharic/articles/cz9544q2093o
"ፑቲን ""ለፋሲካ የተኩስ አቁም"" ቢያውጁም ጥቃት እየተፈጸመ መሆኑን ዜሌንስኪ ተናገሩ",Politics,https://www.bbc.com/amharic/articles/c2098edv8j1o
የአሜሪካ ጠቅላይ ፍርድ ቤት የትራምፕን ቬንዙዌላውያንን ከአገር የማባረር ውሳኔ አገደ,Politics,https://www.bbc.com/amharic/articles/c24q6pzlrg2o
ሩሲያ እና ዩክሬን የሰላም ስምምነቱን 'ከባድ' ካደረጉ አሜሪካ እንደማታሸማግል ትራምፕ ተናገሩ,Politics,https://www.bbc.com/amharic/articles/cn4wj4yplxvo
ዕድገት በኅብረት ዘመቻ፡ የሦስቱ ጓደኛሞች የ50 ዓመታት ትዝታ,Politics,https://www.bbc.com/amharic/articles/cpdz94gd77no
አልሸባብ የሶማሊያን ቁልፍ ከተማን መቆጣጣሩን ተከትሎ የአሜሪካ እና ሶማሊያ ጦር የአየር ድብደባ ፈፀሙ,Politics,https://www.bbc.com/amharic/articles/c78j1nz7x24o
ዩክሬን ከአሜሪካ ጋር የማዕድን መግባቢያ ስምምነት መፈረሙን አስታወቀች,Politics,https://www.bbc.com/amharic/articles/cd7vr8d55ldo
የአሜሪካዋ ካሊፎርኒያ ግዛት ዶናልድ ትራምፕ የጣሉትን ታሪፍ በመቃወም ክስ መሰረተች,Politics,https://www.bbc.com/amharic/articles/cp8vjrq92y0o
"የኤርትራው ተቃዋሚ ብርጌድ ንሓመዱ፤ የአዲስ አበባ ቢሮውን ለወታደራዊ ""ማዕከላዊ ጽህፈት ቤትነት"" የመጠቀም ዕቅድ እንዳለው አስታወቀ",Politics,https://www.bbc.com/amharic/articles/cql6e06lye5o
አሜሪካ በኤርትራ የሚገኘውን ኤምባሲዋን ልትዘጋ ነው,Politics,https://www.bbc.com/amharic/articles/cvgpn1gp6kxo
የሱዳን ፈጥኖ ደራሽ ኃይል ትይዩ መንግሥት መመሥረቱን አወጀ,Politics,https://www.bbc.com/amharic/articles/cx20jm8130xo
የኤል ሳልቫዶር መሪ በስህተት ወደ አደገኛው እስር ቤት የተላከውን ግለሰብ እንደማይመልሱ ተናገሩ,Politics,https://www.bbc.com/amharic/articles/cn7x2j54enjo
ከቁጥር ባሻገር፡ ነዋሪውን ከባድ ዋጋ እያስከፈለ ያለው የሁለት ዓመቱ የአማራ ክልል ግጭት,Politics,https://www.bbc.com/amharic/articles/ce3ql06dz30o
በረሃብ የተጠቁ ሰዎች በሚገኙባቸው የሱዳን ካምፖች ላይ በተነሰዘረ ጥቃት በርካታ ሰዎች ተገደሉ,Politics,https://www.bbc.com/amharic/articles/cp8j29gzk8lo
የጠቅላይ ሚኒስትር ዐቢይ የምሥራቅ አፍሪካ ጉዳዮች አማካሪ ሆነው የተሾሙት አቶ ጌታቸው ረዳ ማን ናቸው?,Politics,https://www.bbc.com/amharic/articles/c72qdgxgx7po
ሚሼል ኦባማ ከባራክ ኦባማ ተፋተዋል የሚሉ የፍች ጭምጭምታዎችን ውድቅ አደረጉ,Politics,https://www.bbc.com/amharic/articles/cvgp9pwyj1xo
"""በእርግጠኝነት በትግራይ ፖለቲካ ውስጥ መሳተፍ እቀጥላለሁ"" - ጌታቸው ረዳ",Politics,https://www.bbc.com/amharic/articles/c62jj9kyewjo
የናይጄሪዋ ቦርኖ ግዛት አስተዳዳሪ ቦኮ ሃራም ተመልሶ ሊመጣ እንደሚችል አስጠነቀቁ,Politics,https://www.bbc.com/amharic/articles/cpwzzj00pr8o
"መንግሥት የባሕር በር ጥያቄ ጉዳይ ""በተጀመረው ግለት እንዲቀጥል"" መመሪያ መስጠቱን አስታወቀ",Politics,https://www.bbc.com/amharic/articles/cjewwvpj0wko
የቻይና እና የአሜሪካ የንግድ ጦርነት ወዴት ያመራል?,Politics,https://www.bbc.com/amharic/articles/cvgpwz21dx3o
"ሌ/ጄነራል ታደሰ ወረደ ""ከሀገር ሉዐላዊነት ያፈነገጡ ግንኙነቶች እንዲቆሙ የማድረግ"" ኃላፊነት ተጣለባቸው",Politics,https://www.bbc.com/amharic/articles/cvgp10e1ypmo
ሌ/ጄነራል ታደሰ ወረደ የትግራይ ክልል ጊዜያዊ አስተዳደር ፕሬዝዳንት ሆነው ተሾሙ,Politics,https://www.bbc.com/amharic/articles/cy8e3g3n7p8o
በኢትዮጵያ የእስራኤል አምባሳደር የአፍሪካ ኅብረት የሩዋንዳ ጭፍጨፋን ለማሰብ ካዘጋጀው ስብሰባ እንዲወጡ ተደረጉ,Politics,https://www.bbc.com/amharic/articles/cwyngv4lydyo
የምርጫ ቦርድ ምክትል ሰብሳቢ አቶ ውብሸት አየለን ጨምሮ ሦስት የቦርዱ አባላት በአዲስ ሊተኩ ነው,Politics,https://www.bbc.com/amharic/articles/cm24nxmr1r4o
አሜሪካ ከኢራን ጋር በቀጥታ የኒውክሌር ድርድር እያደረገች መሆኑን ትራምፕ ተናገሩ,Politics,https://www.bbc.com/amharic/articles/cewgk4jvwn2o
ትራምፕ ተጨማሪ 50 በመቶ ታሪፍ ቻይና ላይ ለመጣል ዛቱ,Politics,https://www.bbc.com/amharic/articles/cvgqe7z4y3qo
ጌታቸው ረዳ እና ህወሓት በጽኑ የተፈተኑበት ሁለት ዓመታት ፍጻሜ?,Politics,https://www.bbc.com/amharic/articles/c9djeed2j44o
የትራምፕን ታሪፍ ተከትሎ ከ50 በላይ አገራት ለመነጋገር መጠየቃቸውን የአሜሪካ ባለስልጣናት ተናገሩ,Politics,https://www.bbc.com/amharic/articles/c1wderlzxx9o
ሁለት የብሪታንያ የፓርላማ አባላት ወደ እስራኤል እንዳይገቡ ተከለከሉ,Politics,https://www.bbc.com/amharic/articles/cq5wg8dv58yo
"""እጃችሁን አንሱ"" በሚል በዩናይትድ ስቴትስ ዋና ዋና ከተሞች ፀረ-ትራምፕ የተቃውሞ ሰልፍ ተካሄደ",Politics,https://www.bbc.com/amharic/articles/c8epd4n45g5o
አሜሪካ ለደቡብ ሱዳናውያን የሰጠችውን ቪዛ በሙሉ ሰረዘች,Politics,https://www.bbc.com/amharic/articles/c62xq87q9vvo
ዶናልድ ትራምፕ የጣሉት ታሪፍ እንዴት ተሰላ?,Politics,https://www.bbc.com/amharic/articles/cpvrnej81n3o
አሜሪካ፣ ፑቲን በተኩስ አቁሙ ላይ በሳምንታት ውስጥ ውሳኔ ላይ ሊደርሱ ይገባል አለች,Politics,https://www.bbc.com/amharic/articles/cgen9wrrrnro
"የኢሎን መስክ አባት፡ ""ልጄ ዐይን አፋር ነው፤ ለፖለቲካ አልተፈጠረም""",Politics,https://www.bbc.com/amharic/articles/cm24e0kn89xo
የትራምፕ አስተዳደር የብሔራዊ ደኅንነት ተቋም ኃላፊን አባረረ,Politics,https://www.bbc.com/amharic/articles/cgm89j0krx7o
የዓለማችን አምስት ግዙፍ ምጣኔ ኃብቶች የትራምፕን ታሪፍ እንዴት ተመለከቱት?,Politics,https://www.bbc.com/amharic/articles/c9qwl9dnexpo
ሃንጋሪ፤ የኔታንያሁን ጉብኝት ተከትሎ ከዓለም አቀፉ የወንጀል ፍርድ ቤት እንደምትወጣ አስታወቀች,Politics,https://www.bbc.com/amharic/articles/cp34npk4gp4o
ኢራን ለምን ምሥጢራዊ 'የሚሳኤል ከተሞችን' አሁን ይፋ አደረገች?,Politics,https://www.bbc.com/amharic/articles/c3dkeln3gemo
ዶናልድ ትራምፕ በአገራት ላይ የጣሉት አዲሱ ታሪፍ እና  የዓለም መሪዎች ምላሽ,Politics,https://www.bbc.com/amharic/articles/c9w8rqkyq8zo
ትራምፕ ኢትዮጵያን ጨምሮ በ100 አገራት ላይ ታሪፍ ጣሉ,Politics,https://www.bbc.com/amharic/articles/c367prpn0d3o
ፍርሃት፣ ኃዘን እና ተስፋ የሚፈራረቁባት ካርቱም,Politics,https://www.bbc.com/amharic/articles/cvgpxmgl7xno
ትራምፕ ለሦስተኛ ጊዜ ፕሬዝደንት ይሆናሉ?,Politics,https://www.bbc.com/amharic/articles/clyq21r458ro
በኮንጎ መፈንቅለ መንግሥት ሙከራ በማድረግ የተከሰሱ ሦስት አሜሪካውያን የተወሰነባቸው የሞት ፍርድ ተቀየረ,Politics,https://www.bbc.com/amharic/articles/ckg1v005gy4o
ከኳታር ገንዘብ ተቀብለዋል የተባሉ የጠቅላይ ሚኒስትር ኔታንያሁ ረዳቶች ታሰሩ,Politics,https://www.bbc.com/amharic/articles/cly207m0jd0o
የክልል ጊዜያዊ አስተዳደሮች የቆይታ ጊዜ እስከ ሁለት ዓመት ማራዘም የሚያስችል አዋጅ ጸደቀ,Politics,https://www.bbc.com/amharic/articles/c62x5ee69pdo
አሜሪካ የወሮበላ ቡድን አባላት ናቸው ያለቻቸውን ተጨማሪ ግለሰቦች ወደ ኤል ሳልቫዶር ላከች,Politics,https://www.bbc.com/amharic/articles/cze1gwg76ywo
ትራምፕ በፑቲን 'እጅግ ተበሳጭቻለሁ' ቢሉም ሩሲያ 'አሁንም ከአሜሪካ ጋር እየሠራሁ ነው' አለች,Politics,https://www.bbc.com/amharic/articles/cr5d4q495ndo
የክልል ጊዜያዊ አስተዳደሮች የቆይታ ጊዜ እስከ ሁለት ዓመት እንዲራዘም የሚያስችል አዋጅ ዛሬ ሊጸድቅ ነው,Politics,https://www.bbc.com/amharic/articles/cedy003dwylo
"ዩኬ ""ህገወጥ ስደትን ለመግታት"" 40 አገራት የሚሳተፉበት ጉባኤ ልታካሂድ ነው",Politics,https://www.bbc.com/amharic/articles/cr78ryrgg8ro
ኢላን መስክ በጠቅላይ ፍርድ ቤት ምርጫ ለሚሳተፉ የ1 ሚሊዮን ዶላር ስጦታ እየሰጠ ነው,Politics,https://www.bbc.com/amharic/articles/c934pv27n2ro
በቱርክ ተቃዋሚዎች በኢስታንቡል ጎዳና ትልቅ የተቃውሞ ሰልፍ አካሄዱ,Politics,https://www.bbc.com/amharic/articles/c7vn575ydp2o
ሶማሊያ ለአሜሪካ ቁልፍ ወደብ ለመስጠት ያቀረበችውን ሃሳብ ሶማሊላንድ ውድቅ አደረገች,Politics,https://www.bbc.com/amharic/articles/c20zldj1r5no
ዩክሬን በጊዜያዊነት በተባበሩት መንግሥታት ስር እንድትሆን ፑቲን ሃሳብ አቀረቡ,Politics,https://www.bbc.com/amharic/articles/cdjyjpe321wo
ፕሬዚዳንት ኤርዶዋን በሶማሊያ እና በኢትዮጵያ መካከል ዘላቂ ሰላም እንዲመጣ ድጋፍ አደርጋለሁ አሉ,Politics,https://www.bbc.com/amharic/articles/cz030lx7mmzo
የደቡብ ሱዳን ምክትል ፕሬዝዳንት ሪክ ማቻር በቁም እስር ላይ መሆናቸውን ፓርቲያቸው አስታወቀ,Politics,https://www.bbc.com/amharic/articles/c981xj8lw91o
"በደብረፅዮን የሚመራው የህወሓት ክንፍ፤ የጠቅላይ ሚኒስትሩ የእጩ ጥቆማ ጥሪ ""የፕሪቶሪያውን ስምምነት የሚጥስ"" ነው አለ",Politics,https://www.bbc.com/amharic/articles/cly85zl8340o
ዜሌንስኪ ለሩሲያ ቅድመ ሁኔታ  አሜሪካ 'ጠንካራ ምላሽ' እንደምትሰጥ ተስፋ እንዳላቸው ገለፁ,Politics,https://www.bbc.com/amharic/articles/c3e4gpw37w1o
ፖላንድ የስደተኞች ጥገኝነት የመጠየቅ መብትን ልታግድ ነው,Politics,https://www.bbc.com/amharic/articles/cvg12n7lyrvo
የሱዳን ጦር ካርቱምን ሙሉ በሙሉ  መቆጣጠሩን ገለፀ,Politics,https://www.bbc.com/amharic/articles/c8rk7yr8x23o
"ለትግራይ ከሌሎች ክልሎች ""በተለየ ሁኔታ"" ላለፉት 11 ቀናት ነዳጅ እንዳይጫን መደረጉ ተገለጸ",Politics,https://www.bbc.com/amharic/articles/cy5nxyz9730o
የሱዳን ጦር በዳርፉር ገበያ ላይ ባደረሰው ጥቃት በመቶዎች መገደላቸው ተነገረ,Politics,https://www.bbc.com/amharic/articles/cg4k74g1g9yo
አውሮፓ ውስጥ ለሩስያ ሲሰልሉ የነበሩ ሁለት ሴቶችን ቢቢሲ በምርመራ አጋለጠ,Politics,https://www.bbc.com/amharic/articles/ceqj32jjpvno
ፍልስጤማዊው የኦስካር ተሸላሚ በእስራኤል ወታደሮች ተያዘ,Politics,https://www.bbc.com/amharic/articles/cx298479ky8o
የቱርክ ፕሬዝዳንት ተቃዋሚ ፖለቲከኞችን አመጽ በመቀስቀስ ወቀሱ,Politics,https://www.bbc.com/amharic/articles/cy873d3eng6o
ከፍተኛ የአሜሪካ ባለሥልጣን በየመን የታቀደ ምሥጢራዊ ጥቃትን ጋዜጠኛ ባለበት የማኅበራዊ ሚዲያ ቡድን በማጋራታቸው ቁጣ ተቀሰቀሰ,Politics,https://www.bbc.com/amharic/articles/c5ymn60dd87o
የዩክሬናዊው የጦር አውሮፕላን አብራሪ ቤተሰብና የተኩስ አቁም ተስፋቸው,Politics,https://www.bbc.com/amharic/articles/cwynznnjdy4o
ካርቱምን ለመቆጣጠር በሚደረገው ፍልሚያ አምስት ቁልፍ ጉዳዮች,Politics,https://www.bbc.com/amharic/articles/c1w0xvgxvl3o
ለ43 ዓመታት አድማጮቹን ያገለገለው እና በድንገት በትራምፕ ውሳኔ የተዘጋው ቪኦኤ አማርኛ,Politics,https://www.bbc.com/amharic/articles/c8d435vpd9qo
"መከላከያ ሠራዊት ጄነራል ምግበይ ኃይለ ላይ ያቀረበውን ክስ የትግራይ የሰላምና የጸጥታ ቢሮ ""ኃላፊነት የጎደለው ነው"" አለ",Politics,https://www.bbc.com/amharic/articles/cx2ezr26r16o
ከአሜሪካ የተባረሩት የደቡብ አፍሪካ አምባሳደር በአገራቸው ደማቅ አቀባበል ተደረገላቸው,Politics,https://www.bbc.com/amharic/articles/cy4lz57yzweo
የቱርኩ ፕሬዝደንት ተቀናቃኛቸውን ማሰራቸውን ተከትሎ የተነሳው ተቃውሞ ተፋፋመ,Politics,https://www.bbc.com/amharic/articles/c93kv2254q5o
ትራምፕ የካማላ ሀሪስና ሂላሪ ክሊንተንን ምሥጢራዊ መረጃ የመመልከት ፈቃድ አነሱ,Politics,https://www.bbc.com/amharic/articles/ce8yx5g369ro
የሱዳን ጦር የፕሬዚደንቱን ቤተ መንግሥት መልሶ መቆጣጠሩ የአገሪቱን ጦርነት አቅጣጫ ይቀይራል?,Politics,https://www.bbc.com/amharic/articles/cwygrn4xdkjo
የሱዳን ጦር ከሁለት ዓመት ጦርነት በኋላ ቤተ መንግሥቱን መልሶ ተቆጣጠረ,Politics,https://www.bbc.com/amharic/articles/cgj5e7v0j3go
ኔታንያሁ የእስራኤልን የጸጥታ ኃላፊን ከስልጣን አነሱ,Politics,https://www.bbc.com/amharic/articles/cn9vnl3881zo
ትራምፕ የፌደራሉን የትምህርት ዲፓርትመንት ለማፍረስ ትዕዛዝ ፈረሙ,Politics,https://www.bbc.com/amharic/articles/c70eg3x1wxwo
በጌዲኦ ዞን ያለ መንጃ ፈቃድ በማሽከርከር የሁለት ሰዎች ሕይወት እንዲያልፍ እና የአካል ጉዳት እንዲደርስ ያደረጉ የወረዳ አስተዳዳሪ በገደብ ቅጣት ተለቀቁ,Politics,https://www.bbc.com/amharic/articles/c4g0yqwx9leo
"""ኢትዮጵያ ለቀይ ባሕር ስትል ኤርትራን የመውረር ፍላጎት የላትም"" ጠ/ሚ ዐቢይ",Politics,https://www.bbc.com/amharic/articles/c86p2vw86zjo
ምግብ እየተመገብን ቡና መጠጣት ምን የጤና ችግር ያስከትላል? የባለሙያዎች ምክር,Health,https://www.bbc.com/amharic/articles/cqj4k07kvyeo
'ሁሉም ዘመድ በሆነባት' ገጠራማ መንደር የተገኘ ነርቭን የሚያጠቃ ያልተለመደ በሽታ,Health,https://www.bbc.com/amharic/articles/cvg754ezvy7o
"""ሐኪም በመሆኔ ያተረፍኩት ድኅነትን ነው"" የኢትዮጵያ ጤና ባለሙያዎች እሮሮ እና ጥያቄ",Health,https://www.bbc.com/amharic/articles/c62n8z1pjnzo
እንደ ካንሰር፣ ስኳር እና የልብ ድካም ያሉ ህመሞችን ለማወቅ የሚረዳው የጆሮ ኩክ,Health,https://www.bbc.com/amharic/articles/ce8gj7g0djzo
ተብላልተው የሚዘጋጁ ምግቦች እና መጠጦች ለጤናችን ጠቃሚ ናቸው ወይስ ጎጂ?,Health,https://www.bbc.com/amharic/articles/cj7d818j50po
የውሃ ኮዳችን ለበሽታ እንደሚያጋልጠን ልብ ብለዋል? እንዴት ማፅዳት አለብን? ምን ዓይነት ኮዳ እንጠቀም?,Health,https://www.bbc.com/amharic/articles/c5y4zy7d417o
ራሱን 200 ጊዜ በእባብ ያስነደፈው ግለሰብ ደም ለእባብ መርዝ መድኃኒት እንደሚሆን ተገለጸ,Health,https://www.bbc.com/amharic/articles/cx2y3p35lvlo
የአሜሪካ ገበሬዎች በእርሻቸው ላይ የሚረጩት የሰው ሽንት ለምርታቸው የሚሰጠው ጥቅም,Health,https://www.bbc.com/amharic/articles/c9deq49y7w0o
አልኮል መጠጥ በጤናችን እና በዕድሜያችን ላይ የሚያስከትለው ጉድለት,Health,https://www.bbc.com/amharic/articles/ckg0qe0kd7wo
የተጠበሱ፣ በፋብሪካ የተቀነባበሩ እና የታሸጉ ምግቦች ያለ ጊዜው ከሚከሰት ሞት ጋር ሊያያዙ ይችላሉ,Health,https://www.bbc.com/amharic/articles/ce82kpk02p7o
የጥፍራችን ቀለም እና ቅርፅ ስለ ጤናችን  ምን ይነግረናል?,Health,https://www.bbc.com/amharic/articles/c4g7lqde4g6o
በፊንጢጣ አካባቢ የሚከሰት እብጠት ሁሉ ኪንታሮት ነው? ኪንታሮት ካልታከመ ምን ያስከትላል?,Health,https://www.bbc.com/amharic/articles/c5ydv1enlv4o
በአንጀታችን ውስጥ ያሉ ባክቴሪያዎች ለአእምሯችን ጤና ጠቃሚ መሆናቸውን ያውቃሉ?,Health,https://www.bbc.com/amharic/articles/c3vp54qlkkno
የእርግዝና መከላከያ ክኒን በእርግጥ ሴቶችን የበለጠ እንዲጨነቁ ሊያደርግ ይችላል?,Health,https://www.bbc.com/amharic/articles/czxngzqy7pvo
በቀን ምን ያህል ጊዜ መጸዳጃ ቤት ይሄዳሉ? ዓይነ ምድራችን ስለጤናችን ምን ያመለክታል?,Health,https://www.bbc.com/amharic/articles/cy9dpjp780jo
የሐበሻ ዶሮ እና የፈረንጅ ዶሮ ልዩነታቸው ምንድን ነው?,Health,https://www.bbc.com/amharic/articles/cd9lzdnkjy0o
ድካምን ለማሸነፍ እና ጥሩ እንቅልፍ ለማግኘት የሚቀጠቅሙ አምስት ዘዴዎች,Health,https://www.bbc.com/amharic/articles/ce30w3xev7lo
ዶ/ር ቴድሮስ ለሁለተኛ ጊዜ የታይም መፅሔት የዓመቱ 100 ተፅዕኖ ፈጣሪዎች ዝርዝር ውስጥ ተካተቱ,Health,https://www.bbc.com/amharic/articles/clyq1eq80evo
በጀርመን አንድ ዶክተር 15 ታካሚዎቹን በመግደል ተጠርጥሮ በቁጥጥር ስር ዋለ,Health,https://www.bbc.com/amharic/articles/ckgre4g2zypo
ሚሊዮኖች የደም ግፊት እንዳለባቸው አያውቁም፤ ከፍተኛ የደም ግፊት እንዳለብዎ ለማወቅ የሚረዳ ቀላል ዘዴ,Health,https://www.bbc.com/amharic/articles/c2307n85815o
በስህተት 45 ዓመታት በዩናይትድ ኪንግደም ሆስፒታል ውስጥ ያሳለፈችው ሴት,Health,https://www.bbc.com/amharic/articles/cvgwny293xwo
በአይጦች አማካይነት የሚተላለፈው አደገኛው ሃንታቫይረስ ምንድን ነው?,Health,https://www.bbc.com/amharic/articles/cq8y313nnjjo
"ዶናልድ ትራምፕ ""በግሩም ጤንነት ላይ እንደሚገኙ"" የዋይት ሐውስ ዶክተር አስታወቁ",Health,https://www.bbc.com/amharic/articles/c20x9rne3ngo
መድሃኒትን በሚቋቋሙ ኢንፌክሽኖች ሳብያ የአፍሪካ ሕጻናት ለአደጋ መጋለጣቸውን አንድ ጥናት አመለከተ,Health,https://www.bbc.com/amharic/articles/cn7xd6k62x4o
በአካል ብቃት እንቅስቃሴ ወቅት ሰውነታችን ስብ ማቃጠል የሚጀምረው መቼ ነው?,Health,https://www.bbc.com/amharic/articles/crm3wv731deo
የአሜሪካው ጤና ሚኒስትር የኦቲዝም መንስኤ መስከረም ወር ላይ ይፋ እንደሚደረግ ተናገሩ,Health,https://www.bbc.com/amharic/articles/c77n1pe5257o
"ቪዲዮ, ከእህቷ በተለገሰችው ማህጻን አማካኝነት ወልዳ ለመሳም የበቃችው ሴት, ርዝመት 1,29",Health,https://www.bbc.com/amharic/articles/cg5qqlmg68ro
የፀጉር መመለጥን እና መነቃቀልን ማስቆም ይቻላል? ንቅለ ተከላ ማድረግስ መፍትሔ ነው?,Health,https://www.bbc.com/amharic/articles/cql66n9ekgro
በአውስትራሊያ ክሊኒክ ውስጥ ባጋጠመ የሽል መደባለቅ አንዲት ሴት የሌላ ሰው ልጅ ወለደች,Health,https://www.bbc.com/amharic/articles/czrvvdepl6mo
እንግሊዛዊ ዶክተር ነኝ እያለ ሲያጭበርብር የነበረው ህንዳዊ በፖሊስ በቁጥጥር ሥር ዋለ,Health,https://www.bbc.com/amharic/articles/czx11vk0gwqo
"""እህቴ ማሕጸኗን ሰጥታኝ 'ተዓምረኛ' ልጅ ወለድኩ""",Health,https://www.bbc.com/amharic/articles/cy5rng6yqq3o
በመድኃኒት እስከ 38 ኪሎ ውፍረት የቀነሱ ሴቶች ስለ ልምዳቸው ምን ይላሉ?,Health,https://www.bbc.com/amharic/articles/cn04gppzwp0o
የስሜት መዋዠቅዎን የሚያስተካክሉ አምስት መንገዶች,Health,https://www.bbc.com/amharic/articles/cj92ymewv2zo
የምንጠቀማቸው 'የሜክአፕ' ዕቃዎች ምን ያህል አደገኛ እና የተበከሉ ናቸው?,Health,https://www.bbc.com/amharic/articles/cevdykjpmj3o
በሥራ ጫና ምክንያት የሚመጣ ሕመም ምን ማለት ነው? መንስዔውና ምልክቶቹ ምንድን ናቸው? እንዴትስ ማገገም ይቻላል?,Health,https://www.bbc.com/amharic/articles/cz95pw487gqo
"""ከልጄ ጋር ስሆን ደኅንነት አይሰማኝም"" ኦቲዝም  ያለበት ልጅ እናት",Health,https://www.bbc.com/amharic/articles/c3378lvmg2ko
የአእምሮ ዕድገት መዛባት (ኦቲዝም) ያለባቸው መኪና እንዲያሽከረክሩ የሚረዳ ጥናት ለኳታር ያቀረቡት ኢትዮጵያዊ ተመራማሪ,Health,https://www.bbc.com/amharic/articles/c20ll0v0jego
ዝምድና ባላቸው ሰዎች መካከል የሚፈጸም ጋብቻ የጤና ችግርን ያስከትላል?,Health,https://www.bbc.com/amharic/articles/crknxkvx85zo
በወፍ ጉንፋን የተያዘ የመጀመሪያው በግ መገኘት እና ቫይረሱ ወደ ሰው እየተጠጋ ይሆን የሚለው ስጋት,Health,https://www.bbc.com/amharic/articles/ceqr5g7pn85o
አሜሪካ የእርዳታ ገንዘብ የምታቆም ከሆነ የአንድ ሚሊዮን ህፃናት ሕይወት ሊያልፍ ይችላል ተባለ,Health,https://www.bbc.com/amharic/articles/ckgzgv4mjr4o
"""የልጆቼን ቆዳ ቀለም አነጣለሁ ብዬ ጎዳኋቸው"" ናይጄሪያዊቷ እናት",Health,https://www.bbc.com/amharic/articles/c9vyw3j0pmjo
አሜሪካ የኤችአይቪ እርዳታ ማቋረጧ በሚሊዮን የሚቆጠሩ ሰዎችን ሕይወት ይቀጥፋል - የዩኤንኤድስ ኃላፊ,Health,https://www.bbc.com/amharic/articles/cy5n6r21p5ko
'ምግብ ተቆጣጥሮኝ ነበር'፡ 191 ኪሎግራም በመቀነስ ከሞት አፋፍ የተመለሰው ሰው,Health,https://www.bbc.com/amharic/articles/cd7e918gn30o
በኢላን መስክ ምክንያት አእምሮውን የሚያነብ ቺፕ በአንጎሉ ያስቀበረው ሰው,Health,https://www.bbc.com/amharic/articles/cx2xzk1l7j8o
በሴቶች እና በሕጻናት ጤና ላይ ዓለም አቀፋዊ ፈተና የሆነው የአይረን ንጥረ ነገር እጥረት,Health,https://www.bbc.com/amharic/articles/cgl086lnplwo
በሴቶች ላይ መካንነትን የሚያስከትለው ሊታከም የሚችለው ከብልት ባክቴሪያ መጠን ጋር የተያያዘው ቢቪ ምንድን ነው?,Health,https://www.bbc.com/amharic/articles/cp3ydxx48zyo
ኢንሱሊን መላመድ ምንድን ነው? በፆም ወቅትስ እክል ይፈጥራል?,Health,https://www.bbc.com/amharic/articles/cvg1mv2zxgmo
በዓመት አንድ ጊዜ የሚወሰደው የኤችአይቪ መከላከያ ክትባት ወሳኝ የደኅንነት ሙከራን አለፈ,Health,https://www.bbc.com/amharic/articles/c93nwe8q2nlo
በህሙማን ላይ የወሲብ እና የቁማር ሱስ ያስከተለው መድኃኒት,Health,https://www.bbc.com/amharic/articles/c2ljvjl1zgro
የሚፆሙ የስኳር ህሙማን ማድረግ ያለባቸው ጥንቃቄ እና ሊመገቧቸው የሚገቡ ምግቦች,Health,https://www.bbc.com/amharic/articles/c1lpeqjj6eeo
"ታዋቂዋ ደራሲ ቺማማንዳ በእርግዝናዋ ወቅት ""መጻፍ ተቸግሬ ነበር"" አለች",Health,https://www.bbc.com/amharic/articles/cd0nvxj2vr3o
በዲሞክራቲክ ኮንጎ ምንነቱ ባልታወቀ በሽታ ከ50 በላይ ሰዎች መሞታቸው ተሰማ,Health,https://www.bbc.com/amharic/articles/cly38glkg44o
ደም በመለገስ የ2.4 ሚሊዮን ሕፃናትን ሕይወት የታደጉት አውስትራሊያዊ ሞቱ,Health,https://www.bbc.com/amharic/articles/cy83njj8e82o
በረመዳን የፆም ወቅት የትኞቹን ምግቦች መመገብ፣ የትኞቹንስ መተው ይመከራል?,Health,https://www.bbc.com/amharic/articles/cjqje84qpeeo
ፖፕ ፍራንሲስ የመተንፈስ ችግር እንደገጠማቸው ቤተ ክርስቲያኗ አስታወቀች,Health,https://www.bbc.com/amharic/articles/cly21dnn985o
በኮንጎ የአማጺያን ዘረፋን ተከትሎ 500 የኤምፖክስ ታማሚዎች ከህክምና ማዕከላት አመለጡ,Health,https://www.bbc.com/amharic/articles/c99np41v8l3o
ሞታቸውን ለማፋጠን የሚጾሙ ሃይማኖተኞች እንዳሉ ያውቃሉ?,Health,https://www.bbc.com/amharic/articles/c99nr8emkmgo
እናትነትን ሸሽተው በፈቃዳቸው መካን መሆንን የሚመርጡት ሴቶች,Health,https://www.bbc.com/amharic/articles/cvg1x0r0e25o
ራስን ማጥፋት ወንጀል ወይስ የጤና እክል? የኢትዮጵያ ሕግ ራስን ስለማጥፋት ምን ይላል?,Health,https://www.bbc.com/amharic/articles/cgr2j0zq2yyo
ወባን ለመሳሰሉ በፓራሳይት ለሚመጡ በሽታዎች ክትባት ማዘጋጀት ለምን ፈታኝ ሆነ?,Health,https://www.bbc.com/amharic/articles/c3ggpwyyl1qo
የሚደክምዎ እና ሰውነትዎ ድንገት የሚዝል ከሆነ ኃይል ለማግኘት የሚረዱ 5 ቀላል መፍትሄዎች,Health,https://www.bbc.com/amharic/articles/ce800v700x1o
የእርጅና ምልክቶችን የሚያዘገየው እና በቆዳችን ጤንነት ላይ ጉልህ ውጤት የሚኖረው ምርምር,Health,https://www.bbc.com/amharic/articles/cy5lq5kl1q4o
በስህተት የሌላ ጥንዶችን ልጅ አርግዛ የወለደችው አሜሪካዊት ክስ መሰረተች,Health,https://www.bbc.com/amharic/articles/c8e7llnedkdo
ታዳጊዎች ያለዕድሜያቸው የወር አበባ እንዲያዩ የአየር ብክለት እንዴት ምክንያት ይሆናል?,Health,https://www.bbc.com/amharic/articles/cn00145xg4vo
በአፋችን ውስጥ የሚገኝ ባክቴሪያ የወደፊት የአእምሮ ጤናችን አመላካች ሊሆን ይችላል?,Health,https://www.bbc.com/amharic/articles/c204r3eezezo
የስማርት ስልኮች ተፈላጊነት ሊቀንስ ይችላል?,Health,https://www.bbc.com/amharic/articles/czrr9edkg18o
"በጋምቤላ ክልል ""በአጣዳፊ ተቅማጥ እና ትውከት"" በሽታ ህጻናትን ጨምሮ የዘጠኝ ሰዎች ህይወት አለፈ",Health,https://www.bbc.com/amharic/articles/c5y7yg512d0o
ሞባይላችን እንቅልፋችንን እያደናቀፈ መሆኑን ልብ ብለናል? ሌሊት ለምን እንቅልፍ እምቢ ይለናል?,Health,https://www.bbc.com/amharic/articles/cx2jkkv7200o
በልምምድ የሚዳብረው በርካታ ፈዋሽ ጠቀሜታ ያለው የአተነፋፈስ ጥበብ,Health,https://www.bbc.com/amharic/articles/cx2qw8ev3e2o
የሕንዳውያንን ፀጉር እያረገፈ ድንጋጤን የፈጠረው ፀጉር የሚመልጠው ወረርሽኝ,Health,https://www.bbc.com/amharic/articles/cwywkk7nzw7o
የዩኤስኤይድ ድጋፍ በመቆሙ የተነሳ በ50 አገራት የኤችአይቪ ሕክምና ተስተጓጉሏል- የዓለም ጤና ድርጅት,Health,https://www.bbc.com/amharic/articles/cvg4ygxwnx8o
በአዲስ አበባ ብዙ ሰዎች 'የቫይታሚን ዲ' እጥረት አለባችሁ የሚባሉት በስህተት ነው?,Health,https://www.bbc.com/amharic/articles/ckgn3rwlgy1o
ባለንበት ዘመን የወጣቶች በካንሰር የመያዝ ዕድል እየጨመረ መምጣት ምክንያቱ ምንድን ነው?,Health,https://www.bbc.com/amharic/articles/cjexzn1y4wdo
ወላጆች የማያውቋቸው ልጆች ራሳቸውን እንዲያጠፉ የሚያበረታቱ ድረ ገጾች,Health,https://www.bbc.com/amharic/articles/cn93pen4eljo
በኢትዮጵያ የዩኤስይድ ተፅዕኖ በነፍስ አድን እና በጤና ዘርፎች ላይ እንደሚበረታ የሲቪል ማኅበረሰብ ምክር ቤት አስታወቀ,Health,https://www.bbc.com/amharic/articles/c2eg242mm21o
የአርጀንቲናው ፕሬዝዳንት ሀገራቸው ከዓለም ጤና ድርጅት አባልነት እንድትወጣ አዘዙ,Health,https://www.bbc.com/amharic/articles/c15zd59wl7eo
ወላጆችን እያሳሰበ ያለው ከ6 ዓመት ጀምሮ ያሉ ታዳጊዎች የወር አበባ እንዲያዩ የሚያደርጉ ምክንያቶች,Health,https://www.bbc.com/amharic/articles/ce89pexr1k9o
ኢትዮጵያ ከአሜሪካ ምን ያህል እርዳታ ስታገኝ ነበር? ትራምፕ ዩኤስኤይድን መዝጋት ይችላሉ?,Health,https://www.bbc.com/amharic/articles/c20g84mgj8zo
ከፍተኛ ገንዘብ እያስከፈለ የሴቶችን መቀመጫ የሚያሳድግ አደገኛ መርፌ የሚወጋው ግለሰብ,Health,https://www.bbc.com/amharic/articles/cd0j30m20n5o
የሕክምና ማኅበረሰቡን ያስደነገጠው የዶ/ር አንዱዓለም ዳኜ ግድያ,Health,https://www.bbc.com/amharic/articles/c8r51pk1m5do
የምታጌጥበትን ወርቅ ሸጣ የኦቲዝም ማዕከል የከፈተችው እናት,Health,https://www.bbc.com/amharic/articles/cvgp983pvlpo
በጸሎት ትፈወሳለች በሚል ታዳጊዋን የስኳር በሽታ መድኃኒቷን ያስተዉ አማኞች በነፍስ ማጥፋት ጥፋተኛ ተባሉ,Health,https://www.bbc.com/amharic/articles/c2egm80v7ygo
የሽንታችን ቀለም ስለጤናችን ምን ይነግረናል? ምን ዓይነት ቀለም ሲኖረው ነው ሊያስጨንቀን የሚገባው?,Health,https://www.bbc.com/amharic/articles/c62g0d6zd1go
ኮቪድ ከቤተ ሙከራ ሾልኮ ወጥቶ ሊሆን ይችላል ሲል ሲአይኤ ገለጸ,Health,https://www.bbc.com/amharic/articles/clyk4900xdpo
በዋግ ኽምራ ከ100 ሺህ በላይ ሰዎች በከፍተኛ ምግብ እጥረት በአሳሳቢ ሁኔታ ላይ መሆናቸው ተነገረ,Health,https://www.bbc.com/amharic/articles/cj485pkkdy9o
ትራምፕ አሜሪካ ከአባልነት እንድትወጣ የወሰኑበት የዓለም ጤና ድርጅት ሥራው ምንድን ነው?,Health,https://www.bbc.com/amharic/articles/crggk4x39qro
ከልክ ያለፈ ውፍረት (ኦቤሲቲ) ምንድነው? ትርጉሙስ እንደገና ሊጤን ይገባል?,Health,https://www.bbc.com/amharic/articles/cjdenen5d2go
በቻይና የተከተሰው አዲሱ ቫይረስ እንዴት ይተላለፋል? ለምንስ ልጆች እና አዛውንቶችን ያጠቃል?,Health,https://www.bbc.com/amharic/articles/c98y1jq7lvpo
በሰሜን ወሎ በከፍተኛ የምግብ እጥረት ህፃናትን ጨምሮ ሰዎች መሞታቸውን የዳሰሳ ጥናት አመለከተ,Health,https://www.bbc.com/amharic/articles/c2exeywdz1do
በጥዋቱ ቡና መጠጣት የልብ በሽታ ተጋላጭነትን እንደሚቀንስ ጥናት ጠቆመ,Health,https://www.bbc.com/amharic/articles/cwyxygk1z18o
በቻይና ስለተከሰተው አዲስ ቫይረስ ምን እናውቃለን?,Health,https://www.bbc.com/amharic/articles/cdx9xv2wx4go
የጣልያኗ መንደር ነዋሪዎቿ እንዳይታመሙ ከለከለች,Health,https://www.bbc.com/amharic/articles/ckg9g2vzxe4o
በትግራይ ወርቅ ለማውጣት የሚውሉ አደገኛ ኬሚካሎች የደቀኑት ከባድ አደጋ,Health,https://www.bbc.com/amharic/articles/cx2vep5l2m5o
ራሳችንን ከአደገኛ የምግብ መመረዝ እንዴት መጠበቅ እንችላለን?,Health,https://www.bbc.com/amharic/articles/c4gxd114016o
ለካንሰር ህክምና ሲባል የአንዲት ሴት ስምንት የአካል ክፍሎቿ እንዲወገዱ ተደረገ,Health,https://www.bbc.com/amharic/articles/c5y8ne30668o
እስራኤል ስለ ጉዳያቸው አላውቅም ያለቻቸውን የጋዛ ሆስፒታል ኃላፊ እንዳሰረቻቸው አመነች,Health,https://www.bbc.com/amharic/articles/ce8xe4j80mdo
ራሳቸውን እያጠፉ ያሉት የኬንያ ሰልጣኝ ዶክተሮች,Health,https://www.bbc.com/amharic/articles/cd0e4gm3l7jo
ቻይና የኮቪድ መረጃን ይፋ እንድታደርግ  የዓለም ጤና ድርጅት አሳሰበ,Health,https://www.bbc.com/amharic/articles/c05py72820jo
“ሥራዬ ቲክቶክ ላይ የሚለጠፉ ዘግናኝ እና አሰቃቂ ቪድዮዎችን ማፅዳት ነበር”,Health,https://www.bbc.com/amharic/articles/cm2mw7j1gx8o
በዘውዲቱ ሆስፒታል አንዲት እናት 6 ኪሎግራም የሚመዝን ህጻን ተገላገለች,Health,https://www.bbc.com/amharic/articles/cly2x2d9d27o
በትንኝ የሚተላለፈው እና መድኃኒት የሌለው ቫይረስ በፍጥነት እየተዛመተ ነው,Health,https://www.bbc.com/amharic/articles/c9dyg1p46lwo
በሰሜን ወሎ ህጻናትን ጨምሮ 10 ሺህ ገደማ ሰዎች በከፍተኛ የምግብ እጥረት መጎዳታቸው ተገለጸ,Health,https://www.bbc.com/amharic/articles/cwyp07en8d7o
"""በወሲብ ወቅት በድብቅ ኮንዶም ማውለቅ መደፈር እንደሆነ አላውቅም ነበር""",Health,https://www.bbc.com/amharic/articles/cg52ve9ed0zo
በጋዛ የቀሩት የመጨረሻው የአጥንት ቀዶ ጥገና ሐኪም በእስራኤል ጥቃት መገደላቸው ተገለጸ,Health,https://www.bbc.com/amharic/articles/c9vkgdl73kdo
የቀድሞው ምክትል ጠቅላይ ሚኒስትር አቶ ደመቀ መኮንን የመሠረቱት ፋውንዴሽን ይፋ ሊደረግ ነው,Health,https://www.bbc.com/amharic/articles/c4gp8k7ll6po
በካናዳ በፈቃዳቸው በሕክምና ድጋፍ የሚሞቱ ሰዎች ቁጥር እየጨመረ መሆኑን ሪፖርት አመለከተ,Health,https://www.bbc.com/amharic/articles/ce902v1j0v8o
የኤሌክትሮኒክ ቆሻሻዎች ዝውውር መጨመር የፈጠረው የተደራጀ ወንጀል,Health,https://www.bbc.com/amharic/articles/cd9n5gz04wjo
ሞትን የሚያስከትሉትን ሕገወጥ የአልኮል መጠጦች እንዴት መለየት እንችላለን?,Health,https://www.bbc.com/amharic/articles/c6p2399rw4lo
የዓለማችን የንጹህ ውሃ ችግር ለመቅረፍ ከአየር ውሃን ማመንጨት የሚያስችል ፈጠራ,Health,https://www.bbc.com/amharic/articles/c84404k8jx0o
አሜሪካዊው የኢንሹራንስ ኩባንያ ኃላፊ እንዴት ተገደለ?,Health,https://www.bbc.com/amharic/articles/cge9jvyj54eo
"ቪዲዮ, ውፍረትን ለመቀነስ ሲባል የሚወሰዱ መድኃኒቶች በጤና ላይ ከባድ አደጋ እያስከተሉ ነው, ርዝመት 2,52",Health,https://www.bbc.com/amharic/articles/cx2v46enn74o
በኮንጎ ምንነቱ ባልታወቀ አዲስ ጉንፋን መሰል በሽታ ምክንያት 79 ሰዎች ሞቱ,Health,https://www.bbc.com/amharic/articles/c75wl7w6qevo
ምንም ዓይነት ምልክቶች ሳያዩ እና ማርገዛቸውን ሳያውቁ ለወሊድ የሚደርሱ ሴቶች,Health,https://www.bbc.com/amharic/articles/cy66z7qj2dzo
ኤድስ እንደያዘው ከ32 ዓመታት በፊት ለዓለም የተናገረው አሜሪካዊው የሜዳ ቴኒስ ሻምፒዮን,Health,https://www.bbc.com/amharic/articles/crr9gz290l2o
በዓለም አቀፍ ደረጃ እያሽቆለቆለ ያለው ኤችአይቪ በግብፅ እና በሳዑዲ አረቢያ እየተስፋፋ ነው,Health,https://www.bbc.com/amharic/articles/cly20z5xly2o
‘የ15 ወራቱ እርግዝና’፡‘ተዓምራዊው የወሊድ ህክምና’ ማጭበርበር በናይጄሪያ,Health,https://www.bbc.com/amharic/articles/c3wqjneg26eo
ዋይፋይ ካንሰር ያመጣል የሚሉት እና ክትባቶችን የሚጠራጠሩት የትራምፕ ዕጩ የጤና ሚኒስትር,Health,https://www.bbc.com/amharic/articles/c5yp0lpj6r8o
የባሕር ዳር ዩኒቨርስቲ ጥበበ ግዮን ሆስፒታል ካለፈው ሰኞ ጀምሮ አገልግሎቱ ተስተጓጎለ,Health,https://www.bbc.com/amharic/articles/c8dm85jvl8zo
የንጽህና አጠባበቅን የቀየሩ አምስት አፍሪካዊ ፈጠራዎች,Health,https://www.bbc.com/amharic/articles/cg574r181q3o
የቱርክ ዶክተሮች ለገንዘብ ሲሉ ጨቅላ ሕፃናት እንዲሞቱ ምክንያት ሆነዋል ተብለው ተከሰሱ,Health,https://www.bbc.com/amharic/articles/cvg5l8dv0r9o
የዓለማችን ቱጃር ቢል ጌትስ በሚቀጥሉት 20 ዓመታት አብዛኛውን ሀብቱን ሊያከፋፍል ነው,Technology,https://www.bbc.com/amharic/articles/cz9yw4zjkydo
"በኢትዮጵያ ሁሉም የተሽከርካሪ ሠሌዳዎች ""ኢት"" የሚል መለያ እንዲኖራቸው ሊደረግ ነው",Technology,https://www.bbc.com/amharic/articles/cx27wg8qgvyo
በመቶ ሺዎች ያስገጠሙት ማይክሮቺፕ በሰውነትዎ ውስጥ እንዲቀበር ይፈቅዳሉ?,Technology,https://www.bbc.com/amharic/articles/cj9e4l7zrm8o
የአየር ጉዞን ይለውጣል የተባለው በሰማይ የሚንሳፈፈው 'የአየር ላይ መርከብ',Technology,https://www.bbc.com/amharic/articles/c1el08p72xjo
በፍልስጤም የተንቀሳቃሽ ትምህርት ቤት ዲዛይን ውድድር 'ያሸነፉት' ኢትዮጵያውያን አርክቴክቶች,Technology,https://www.bbc.com/amharic/articles/c9vexrm2vdpo
እውን ኤለን መስክ መንግሥት ከሰጠው ኃላፊነት ይለቃል? የተቋሙ ዕጣ ፈንታስ ምን ይሆናል?,Technology,https://www.bbc.com/amharic/articles/cly16l1g1j6o
ለከፍተኛ ገዢዎች የዕራት ግብዣ መዘጋጀቱን ተከትሎ የትራምፕ ክሪፕቶከረንሲ ዋጋ አሻቀበ,Technology,https://www.bbc.com/amharic/articles/cde248l8ny4o
በሰው ሰራሽ አስተውሎት የሚሰሩ ፊልሞች ኦስካር ሊያሸንፉ እንደሚችሉ ተገለፀ,Technology,https://www.bbc.com/amharic/articles/c15vxv7qgljo
ኤለን መስክ በዶናልድ ትራምፕ አስተዳደር ውስጥ የሚያሳለፈውን ጊዜ ሊቀንስ ነው,Technology,https://www.bbc.com/amharic/articles/c4g202340ldo
የመረጃ ልውውጥን ለማቀላጠፍ የዳታ ማዕከላትን በምህዋር እና በጨረቃ ላይ የማስቀመጥ ዕቅድ,Technology,https://www.bbc.com/amharic/articles/c62ggg6gy4go
ቻትጂፒቲ አንድን ግለሰብ ሁለት ልጆቹን ገድሏል የሚል ሐሰተኛ መረጃ በማቅረቡ ተከሰሰ,Technology,https://www.bbc.com/amharic/articles/cd7eld474e0o
ሜታ በተወነጀለበት በኢትዮጵያ ጦርነት ሚናው በኬንያ ሊከሰስ እንደሚችል ተወሰነ,Technology,https://www.bbc.com/amharic/articles/cjew08g0g97o
ቢል ጌትስ ከ50 ዓመት በፊት ማይክሮሶፍትን ሲጀምር ምን አልሞ ነበር?,Technology,https://www.bbc.com/amharic/articles/c0r58wyqvezo
አብዛኞቹ ነዋሪዎቿ ዩቲዩበር የሆኑባት መንደር,Technology,https://www.bbc.com/amharic/articles/c8x4yjl5ew7o
አስፈላጊ እየሆነ ስለመጣው ፋይዳ መታወቂያ ሊያውቋቸው የሚገቡ 8 ጉዳዮች,Technology,https://www.bbc.com/amharic/articles/c204dl15p96o
ኡበር ሴት አሽከርካሪዎችን ለመሳብ በየሳምንቱ 20 ሰዓታት ነጻ የልጅ እንክብካቤ አዘጋጃለሁ አለ,Technology,https://www.bbc.com/amharic/articles/cdelw43nrx6o
ኤክስ በአሜሪካ እና በዩኬ ተቋርጦ እንደነበር ተገለጸ,Technology,https://www.bbc.com/amharic/articles/crmjdj2jp0ro
ሰሜን ኮሪያውያን በታሪክ ትልቁ የተባለውን የክሪፕቶከረንሲ ማጭበርበር እንዴት ፈፀሙ?,Technology,https://www.bbc.com/amharic/articles/c07zmr381meo
የሰሜን ኮሪያ መረጃ መንታፊዎች ከዘረፉት 1.5 ቢሊዮን የክሪፕቶ  ገንዘብ 300 ሚሊዮን ዶላር በጥሬ ማውጣታቸው ተነገረ,Technology,https://www.bbc.com/amharic/articles/cg4k3gg336ko
"ቪዲዮ, ኢትዮጵያውያን ሴቶች በሳይንስ እና ቴክኖሎጂ መስኮች ያላቸው ተሳትፎ ምን ያህል ነው?, ርዝመት 3,22",Technology,https://www.bbc.com/amharic/articles/cd92yx2n1e3o
ወደ ህዋ ሊመጥቅ ሲል የፈነዳው የስፔስኤክስ ሮኬት ስብርባሪዎች በረራዎችን አስተጓጎሉ,Technology,https://www.bbc.com/amharic/articles/c99nmd50v5xo
የዲሞክራቲክ ኮንጎ ማዕቀብ በሞባይል እና በመኪኖች ዋጋ ላይ ጭማሪ ያስከትላል ተባለ,Technology,https://www.bbc.com/amharic/articles/c15qqed5l9no
"""ቲክቶክ በአፍሪካ ሕጻናትን በሚያካትቱ ወሲባዊ ቀጥታ ሥርጭቶች ትርፍ እያገኘ ነው""",Technology,https://www.bbc.com/amharic/articles/cp8vypmxpyro
ግዙፉ የእስያ ባንክ 4 ሺህ ሠራተኞቹን አሰናብቶ ሥራቸውን በኤአይ ሊተካ ነው,Technology,https://www.bbc.com/amharic/articles/c1jpgr5j8gko
20 ዓመት የሞላው ዩቲዩብ በኢትዮጵያ ምን ያህል ተጠቃሚዎች አሉት?,Technology,https://www.bbc.com/amharic/articles/cwyg4e7rj19o
የፌስቡክ ባለቤት የሆነው ሜታ ክፍለ ዓለማትን የሚያዳርስ የኢንተርኔት ገመድ ሊዘረጋ ነው,Technology,https://www.bbc.com/amharic/articles/c20g0xp0jxdo
የ780 ሚሊዮን ዶላር ቢትኮይን የጠፋበት እንግሊዛዊ የከተማዋን ቆሻሻ መጣያ ለመግዛት ሃሳብ አቀረበ,Technology,https://www.bbc.com/amharic/articles/cd0j0kkl7y9o
ትክክለኛ የሕይወት አጋር ማግኘት እና ስኬታማ ግንኙነት መመሥረት ለምን አስቸጋሪ ሆነ?,Technology,https://www.bbc.com/amharic/articles/cglywx45856o
የቀድሞው የጎግል ኃላፊ አሸባሪዎች ሰው ሰራሽ አስተውሎትን 'ሊጠቀሙ ይችላሉ' ብለው እንደሚሰጉ ተናገሩ,Technology,https://www.bbc.com/amharic/articles/cjex532ggqvo
የሰው ልጅ ለአንድ ዓመት በማርስ ላይ ቢቆይ ኑሮው ምን ሊመስል ይችላል?,Technology,https://www.bbc.com/amharic/articles/cp38kpn71n8o
በኤለን መስክ የሚመራው ጥምረት ቻትጂፒቲን ለመግዛት 97 ቢሊዮን ዶላር  አቀረበ,Technology,https://www.bbc.com/amharic/articles/c9d58w0v2lgo
ፎቶዎቿ በጓደኛዋ ዲፕፌክ በተባለው ቴክኖሎጂ ወሲባዊ ይዘት እንዲኖራቸው የተደረጉባት ወጣት,Technology,https://www.bbc.com/amharic/articles/c93q26y5542o
ቻትጂፒቲን 'ያስናቀው' ዲፕሲክ እንዴት በኢትዮጵያ ቋንቋዎች 'ጎበዝ' ሆነ? ዓለምን ያስደነገጠበት ምሥጢርስ ምንድን ነው?,Technology,https://www.bbc.com/amharic/articles/cn0190den9lo
የዓለም መነጋገሪያ ከሆነው ዲፕሲክ ጀርባ ያለው ሊያንግ ዌንፌግ ማን ነው?,Technology,https://www.bbc.com/amharic/articles/cpql1nx5z94o
ስለቴስላ ሳይበርትራክ የሚታወቁ ዋና ዋና እውነታዎች,Technology,https://www.bbc.com/amharic/articles/c3w850dgv41o
ለአማርኛ፣ ለኦሮምኛ እና ለትግርኛ 'የበለጠ አመቺ ነው' እየተባለለት ያለው ዲፕሲክ ምንድን ነው?,Technology,https://www.bbc.com/amharic/articles/c05l97y4qe9o
ቲክቶከሮች ለምን ያለቅሳሉ? ከምራቸው ነው? ለምንስ አሳዛኝ ይዘት የበለጠ ይመርጣሉ?,Technology,https://www.bbc.com/amharic/articles/c8r5kv6yegko
ቲክቶክ በይፋ ከመዘጋቱ በፊት አሜሪካ ውስጥ አገልግሎት መስጠት አቆመ,Technology,https://www.bbc.com/amharic/articles/cly4jrrjdzlo
ቲክቶክ በመጪው እሁድ በአሜሪካ አገልግሎቱን እንደሚያቆም አስታወቀ,Technology,https://www.bbc.com/amharic/articles/cz0llzznzy1o
የነዳጅ መኪኖችን አስቀርታ የኤሌክትሪክ መኪኖችን በመጠቀም ቀዳሚ የሆነችው ኖርዌይ,Technology,https://www.bbc.com/amharic/articles/cdjd3wj0nyro
በሐሰተኛ ማንነት ሕፃናት ላይ ወሲባዊ ጥቃት የሚፈፅመው አጭበርባሪው ነፍሰ ገዳይ,Technology,https://www.bbc.com/amharic/articles/c74l57pwv25o
የ14 ዓመት ታዳጊ መገደሉን ተከትሎ አልባንያ ቲክቶክን ለዓመት ልታግድ ነው,Technology,https://www.bbc.com/amharic/articles/c0q05dne8weo
አፕል በኮንጎ ታጣቂዎች ከሚቆጣጠሯቸው ቦታዎች ማዕድናትን በመጠቀም ተከሰሰ,Technology,https://www.bbc.com/amharic/articles/c3e3zy9kp3wo
ቴሌግራም የአክራሪ ቡድኖችን መረጃ  ለተጠቃሚዎች እንደሚያስተዋውቅ አንድ ጥናት አመላከተ,Technology,https://www.bbc.com/amharic/articles/cj0ry2jgzjpo
ቻትጂፒቲን የፈጠረውን ተቋም ያጋለጠው የቀድሞ የድርጅቱ ሠራተኛ ሞቶ ተገኘ,Technology,https://www.bbc.com/amharic/articles/cn0xzlrpkp3o
ለኢንተርኔት ጅማሬ ምክንያት የሆነው ከ50 ዓመታት በፊት ያጋጠመው ግንኙነት መቋረጥ,Technology,https://www.bbc.com/amharic/articles/c0lpke3g4w5o
የስክሪን ቆይታን የሚገድቡ ወላጆች በልጆቻቸው እንዲገደሉ ያበረታታው መተግበሪያ ተከሰሰ,Technology,https://www.bbc.com/amharic/articles/cnv3zl3dg3lo
በመድኃኒት እና በሌሎች ቴክኖሎጂዎች ላይ ተአምር ይፈጥራል የተባለው የጉግል ፈጠራ,Technology,https://www.bbc.com/amharic/articles/c20w19rn01vo
ቲክቶክ፡ አንድ የማኅበራዊ ሚዲያ መተግበሪያ ሲታገድ ምን ይከሰታል?,Technology,https://www.bbc.com/amharic/articles/cdr0030kx5ko
የቲክቶክ ይግባኝ ውድቅ መደረጉን ተከትሎ ከአሜሪካ  ሊታገድ ነው,Technology,https://www.bbc.com/amharic/articles/cwyddgywyzyo
የቢትኮይን ዋጋ 100 ሺህ ዶላርን ተሻግሯል - ለመሆኑ ታሪካዊ የሚባሉት 7 አጋጣሚዎቹ የትኞቹ ናቸው?,Technology,https://www.bbc.com/amharic/articles/c4glpz9md0eo
ኢንተርኔትን በመጠቀም ተጨማሪ ገቢ ማግኘት ይቻላል? የቲክቶክ መካሪዎችስ ምን ያህል ታማኝ ናቸው?,Technology,https://www.bbc.com/amharic/articles/cj9n4myjp7yo
በዘመናዊው ዓለም አምስት ተፈላጊ ሥራዎች እና ስኬታማ ለመሆን የሚያግዙ ክህሎቶች,Technology,https://www.bbc.com/amharic/articles/c623nrrnp41o
የጃጉዋር አዲሱ የኤሌክትሪክ መኪና መነጋገሪያ ሆነ,Technology,https://www.bbc.com/amharic/articles/cvgpdg4yxq3o
በአዲስ አበባ ከታህሳስ ጀምሮ የባንክ አካውንት ለመክፈት የ'ፋይዳ' መታወቂያ ማቅረብ ግዴታ ሊሆን ነው,Technology,https://www.bbc.com/amharic/articles/c24np6v17gno
እየተጠበቁ ያሉት በራሪ የአየር ላይ ታክሲዎች መቼ ዕውን ሊሆኑ ይችላሉ?,Technology,https://www.bbc.com/amharic/articles/cm27yyrq281o
ከክሪፕቶ ጋር በተያያዘ አድናቂዎቹን አሳስቷል የተባለው የማኅበራዊ ሚዲያ ተጽእኖ ፈጣሪ,Technology,https://www.bbc.com/amharic/articles/cx2n1dx8qvvo
ቢሊዮን ዶላሮች የሚያወጣ ቢትኮይን የዘረፈው አሜሪካዊ እስር ተፈረደበት,Technology,https://www.bbc.com/amharic/articles/c3demrjx7x1o
ዶናልድ ትራምፕ ማሸነፋቸውን ተከትሎ የቢትኮይን ዋጋ አሻቅቦ 80 ሺህ ዶላር ገባ,Technology,https://www.bbc.com/amharic/articles/cr5med6geydo
አውስትራሊያ ከ16 ዓመት በታች ለሆኑ ህጻናት ማኅበራዊ ሚዲያን ልታግድ ነው,Technology,https://www.bbc.com/amharic/articles/czxreq5104zo
የቢትኮይን ፈጣሪ የሚባለው ሳቶሺ ናካሞቶ የት ነው ያለው?,Technology,https://www.bbc.com/amharic/articles/ckgd2zlvn1ko
ሩሲያ ጉግል ዓለማችን ካላት አጠቃላይ ገንዘብ በላይ ቅጣት እንዲከፍል ወሰነች,Technology,https://www.bbc.com/amharic/articles/c4gx0k4y3exo
የቲክቶክ መሥራች የቻይና ቁጥር አንድ ባለሀብት ሆነ,Technology,https://www.bbc.com/amharic/articles/cnvjq13lg7qo
ኢላን መስክ ለመራጮች በየቀኑ በዕጣ 1 ሚሊዮን ዶላር መስጠቱ ሕጋዊ ነው?,Technology,https://www.bbc.com/amharic/articles/crmzw8mgz7do
እየዘመኑ የመጡትን ቅንጡ እና አዳዲስ ስልኮችን መያዝ ያስፈልገናል?,Technology,https://www.bbc.com/amharic/articles/cd6q01qwz59o
የማኅበራዊ ሚድያ ‘አልጎሪዝም’ ሐሳብን በነፃነት የመግለፅ መብታችንን እየተፈታተነው ይሆን?,Technology,https://www.bbc.com/amharic/articles/cdx9dv092xeo
በስኅተት የሰሜን ኮሪያ የአይቲ ባለሙያ የቀጠረው ኩባንያ መረጃውን ተሰረቀ,Technology,https://www.bbc.com/amharic/articles/c39lmp4n92mo
ቴሌግራም፡ ‘ኪሳችን ውስጥ የሚገኝ ጨለማው የማኅበራዊ ሚዲያ መድረክ’,Technology,https://www.bbc.com/amharic/articles/cd73jlzy9jro
ኢትዮጵያ በኢንተርኔት ነፃነት ዝቅተኛ ነጥብ ማስመዝገቧ እና የመንግሥታት ቁጥጥር የደቀነው ስጋት,Technology,https://www.bbc.com/amharic/articles/c0wwz5l2nvwo
የስክሪን ሱስ፡ ለአምስት ቀናት ከስልካቸው እንዲርቁ የተደረጉት ታዳጊዎች ምን ሆኑ?,Technology,https://www.bbc.com/amharic/articles/cpv34l023xeo
ካማላ ወይስ ትራምፕ? ለክሪፕቶ ከረንሲ የተሻሉ የሚሆኑት ፕሬዝደንት ማን ናቸው?,Technology,https://www.bbc.com/amharic/articles/cwyldvq7jqpo
ሐሰተኛው ዘረኛ የድምጽ ቅጂና የፈጠረው ቀውስ,Technology,https://www.bbc.com/amharic/articles/cpdq6yey265o
ቱጃሩ ኢላን መስክ ፍርድ ቤት እንዲቀርብ ተጠርቷል፤ ይገኝ ይሆን?,Technology,https://www.bbc.com/amharic/articles/cly42zjvnx8o
የፌስቡክ ባለቤት ሜታ 91 ሚሊዮን ዮሮ ተቀጣ,Technology,https://www.bbc.com/amharic/articles/ckgm3km3zwxo
ኢላን መስክ የዩናይትድ ኪንግደም መንግሥት ለሚያዘጋጀው ስብሰባ ባለመጋበዙ ቁጣውን ገለፀ,Technology,https://www.bbc.com/amharic/articles/cp39nqx54dwo
የታዳጊዎች አደገኛ የማኅበራዊ ሚዲያ አጠቃቀም በከፍተኛ ሁኔታ እየጨመረ ነው - ጥናት,Technology,https://www.bbc.com/amharic/articles/c1jdx1yj2n9o
ቴሌግራም ‘የተጠርጣሪ’ ደንበኞቹን አንዳንድ መረጃዎች ለሕግ አካላት አሳልፎ ሊሰጥ ነው,Technology,https://www.bbc.com/amharic/articles/c93pgq49702o
የዓለማችን ቁጥር አንዱ ‘ዩቲዩበር’ ሚስተር ቢስት በአምስት ሴቶች የተከሰሰው ለምንድነው?,Technology,https://www.bbc.com/amharic/articles/cn8jy8xzppxo
ከኢትዮጵያ እስከ አርጀንቲና - የእስራኤሉ የስለላ መሥሪያ ቤት ሞሳድ ስኬታማ ‘ኦፕሬሽኖች’,Technology,https://www.bbc.com/amharic/articles/clyl74lxgnjo
ለዓለማችን እና ለሕዝቧ ፈተናዎች መፍትሄ አለው ስለሚባለው የ‘ኳንተም ዘመን’ የፊዚክስ ሊቁ ይናገራሉ,Technology,https://www.bbc.com/amharic/articles/clkm8d0g4kjo
“ከጦርነቱ የተረፍኩት በምክንያት ነው” - ከፍተኛ ውጤት ያመጡት የቀላሚኖዎቹ ዮናስ እና ሄለን,Technology,https://www.bbc.com/amharic/articles/cr40gnx0gg2o
ወጣቶች ምክር እና ድጋፍ በሚፈልጉበት ጊዜ በቀላሉ የሚያገኙት ኤአይ የሥነ ልቦና አማካሪ,Technology,https://www.bbc.com/amharic/articles/cp6r6z3wk8ro
የእውን ዓለምን በዲጂታል ‘የሚተካው’ ሜታቨርስ ምንድን ነው? መቼስ እንደርስበታለን?,Technology,https://www.bbc.com/amharic/articles/crg7xzk9mz8o
የቴሌግራም ሥራ አስኪያጅ በወንጀል በመጠርጠሩ ምክንያት ፈረንሳይን ለቆ እንዳይወጣ ታገደ,Technology,https://www.bbc.com/amharic/articles/cz6xy6wj1zjo
የሰው ሠራሽ አስተውሎት ምጡቅነት ከሰው ልጆች ቢበልጥ ምን ይፈጠራል?,Technology,https://www.bbc.com/amharic/articles/c897932qx5do
የኢንተርኔት አገልግሎት ቢቆም ዓለም ምን ልትመስል ትችላለች?,Technology,https://www.bbc.com/amharic/articles/cldyrev4kkzo
የቴሌግራም ዋና ሥራ አስኪያጅ ፈረንሳይ አየር ማረፊያ ውስጥ በቁጥጥር ሥር ዋለ,Technology,https://www.bbc.com/amharic/articles/cnvye688qreo
ፌስቡክ እና ቲክቶክ ላይ የምናጠፋውን ጊዜ ለመቀነስ አማራጭ እየሆኑ ያሉት ‘የድሮ ስልኮች’,Technology,https://www.bbc.com/amharic/articles/c2eed56nd85o
በኦሊምፒክ ወርቅ ሊያመጡ የሚችሉ ስፖርተኞችን የሚተነብየው ቴክኖሎጂ,Technology,https://www.bbc.com/amharic/articles/cvgxdzglqdyo
ጉግል የመረጃ ፍለጋ ገበያውን ብቻውን መቆጣጠሩ  ሕጋዊ አይደለም ሲሉ አሜሪካዊው ዳኛ ወሰኑ,Technology,https://www.bbc.com/amharic/articles/cy0nny01n39o
የቲክቶክ ዋና መሥሪያ ቤት ሠራተኞች በምግብ መመረዝ ተጠቅተው ሆስፒታል ገቡ,Technology,https://www.bbc.com/amharic/articles/cgr5j6qmyv8o
ትታሰራላችሁ እያሉ በሚሊዮን ዶላሮች የሚያጭበረብሩት ሐሰተኞቹ የቻይና ፖሊሶች,Technology,https://www.bbc.com/amharic/articles/c84j30pme3do
በዓለም ዙሪያ በረራዎችን ጨምሮ እንቅስቃሴዎችን ቀጥ ስላደረገው የአይቲ ብልሽት የምናውቀው,Technology,https://www.bbc.com/amharic/articles/cne40v4jwego
በአይቲ ብልሽት በመላው ዓለም በረራዎች ተቋረጡ፤ ባንክ እና ጤና ተቋማት ሥራቸውን አቆሙ,Technology,https://www.bbc.com/amharic/articles/cnk42x2q4k5o
የአሜሪካ ግዛቶች ስልኮችን ከትምህርት ቤቶች ለማገድ የፈለጉበት አነጋጋሪ ውሳኔ,Technology,https://www.bbc.com/amharic/articles/c844z4p89x4o
ብዙ የተባለለት የዱባይ “ዓለም” ግዙፍ ፕሮጀክት ከምን ደረሰ?,Technology,https://www.bbc.com/amharic/articles/cqll4lkg09po
በአከርካሪ ስብራት የሚከሰት ሽባነትን ለማከም የኤሌክትሪክ ንዝረት መፍትሔ ሊሆን ይችላል?,Technology,https://www.bbc.com/amharic/articles/cd11jpzkj0no
በአሜሪካ በተደረገ ውድድር የእሳት አደጋ መከላከያ ሮቦት ሠርተው ያሸነፉት ኢትዮጵያውያን ተማሪዎች,Technology,https://www.bbc.com/amharic/articles/clwwqrer9gjo
አሜሪካዊያኑ ባለሀብቶች የታይታኒክን ፍርስራሽ ለማጥናት ወደ ጥልቁ የባሕር ወለል ሊሰርጉ ነው,Technology,https://www.bbc.com/amharic/articles/cldd55w0d7po
አሜሪካዊቷ ለሰሜን ኮሪያዊያን 'ሪሞት' ሥራ በመስጠት ደሞዝ እንዲከፈላቸው በማድረጓ ክስ ቀረበባት,Technology,https://www.bbc.com/amharic/articles/ckkegdg6er0o
ኢትዮጵያ ውስጥ ሴቶች ከወንዶች እና ሌሎች ማንነቶች በበለጠ በማኅበራዊ ሚዲያ የጥላቻ ንግግር ያስተናግዳሉ - ጥናት,Technology,https://www.bbc.com/amharic/articles/c3g5y3wjl09o
ለቦይንግ የሚቀርቡ የአውሮፕላን አካላት 'ከባድ ግድፈቶች' ነበሩባቸው ተባለ,Technology,https://www.bbc.com/amharic/articles/cv2jl8pdg9wo
ከጥልቁ ውቅያኖስ ማዕድን ለማውጣት የሚካሄደው የኃያላን አገራት አዲሱ ፉክክር,Technology,https://www.bbc.com/amharic/articles/czkzjk35r4po
ብዙዎች ‘እንቅልፍ እንዲጥላቸው’ ያደረገውን ድምጽ አልባ ‘አላርም’ እንደሚያስተካክል አፕል ገለጸ,Technology,https://www.bbc.com/amharic/articles/cl7ln440zpxo
የአፍሪካ የሕዋ ሳይንስ ጎልቶ እንዲታይ እሠራች ያለችው ወጣቷ ሳይንቲስት,Technology,https://www.bbc.com/amharic/articles/cxx8kr1n526o
ቻይና ‘ቀይ መስመር’ ያለችውን እንዳታልፍ አሜሪካን አስጠነቀቀች,Technology,https://www.bbc.com/amharic/articles/c88zg5rjl8eo
የአሜሪካ ሴኔት ቲክቶክን በአገሪቱ ሊያግድ የሚችል አዋጅ አጸደቀ,Technology,https://www.bbc.com/amharic/articles/c25rpl9xegyo
የ3 ዓመት ሕፃናት በኢንተርኔት ለወሲባዊ ብዝበዛዎች እየተጋለጡ መሆኑን አንድ ድርጅት አስጠነቀቀ,Technology,https://www.bbc.com/amharic/articles/c97zge49y1no
ኢትዮጵያ፡ 56 በመቶ የሚሆኑ የሁለተኛ እና ሦስተኛ ክፍል ተማሪዎች ፊደል መለየት እንደማይችሉ ጥናት አመለከተ,Technology,https://www.bbc.com/amharic/articles/cz4xv4w4pdro
የቦይንግ 737-800 አውሮፕላን ለበረራ እየተነሳ ሳለ የሞተሩ ሽፋን ተገንጥሎ ወደቀ,Technology,https://www.bbc.com/amharic/articles/c4nrgkv4rk1o
በገዛ ጓደኛዋ ፎቶዋ በረቀቀ ሁኔታ ተቀናብሮ የወሲብ ቪዲዮዎች ድረ-ገጽ ላይ የወጣባት ወጣት,Technology,https://www.bbc.com/amharic/articles/cml774n7vd1o
ንግድ ባንክ 10 ሚሊዮን የሚጠጋ ገንዘብ ያልመለሱ የ565 ደንበኞቹን ስም ይፋ አደረገ,Technology,https://www.bbc.com/amharic/articles/c90e78v34xxo
ሊቨርፑል ከአርሰናል፤ ኒውካስል ከቼልሲ እና የሌሎች የእንግሊዝ ፕሪሚየር ሊግ ጨዋታዎች ግምት,Sport,https://www.bbc.com/amharic/articles/cdr5lmy886xo
የክሪስቲያኖ ሮናልዶ ልጅ ለፖርቹጋል ከ15 ዓመት በታች ቡድን እንዲጫወት ጥሪ ቀረበለት,Sport,https://www.bbc.com/amharic/articles/cx2v2pzeg6po
የሻምፒዮንስ ሊግ ተሳትፎ ትንቅንቅ. . . የእንግሊዝ ፕሪሚየር ሊግ ጨዋታዎች ግምት,Sport,https://www.bbc.com/amharic/articles/c4g3k0yn7ndo
አርቴታ እና አርሰናል ከፒኤስጂ ጨዋታ ምን ተማሩ?,Sport,https://www.bbc.com/amharic/articles/cy5rdpp4wp3o
የሊቨርፑል አለቃ አርን ስሎት እንዴት ያልተጠበቀውን በማሳካት ሊቨርፑልን ለሻምፒዮንነት አበቁት?,Sport,https://www.bbc.com/amharic/articles/cdjlklzwydwo
ማራቶንን በክብረ ወሰን በማሸነፍ ታሪክ እያስመዘገበች ያለችው ትዕግሥት አሰፋ,Sport,https://www.bbc.com/amharic/articles/cx26170gvv4o
ትዕግሥት አሰፋ በለንደን ማራቶን አሸነፈች,Sport,https://www.bbc.com/amharic/articles/c70z7y686kwo
ሊቨርፑል የሊጉን ዋንጫ ያነሳ ይሆን? ለኤፍኤ ዋንጫስ እነማን ለፍጻሜ ይደርሳሉ? የሳምንቱ ጨዋታዎች ግምት,Sport,https://www.bbc.com/amharic/articles/cx209g8z0emo
ሊቨርፑል፣ አርሰናል፣ ማንቸስተር ሲቲ. . . የእንግሊዝ ፕሪሚየር ሊግ ጨዋታዎች ግምት,Sport,https://www.bbc.com/amharic/articles/crm3xe3478do
አርሰናል ሪያል ማድሪድን በማሸነፍ ለሦስተኛ ጊዜ የሻምፒዮንስ ሊግ ግማሽ ፍጻሜ ደረሰ,Sport,https://www.bbc.com/amharic/articles/cly2l8p3lwko
የማንቸስተር ዩናይትድ አዲሱ ስታድየም እና ምላሽ የሚፈልጉ ወሳኝ ጥያቄዎች,Sport,https://www.bbc.com/amharic/articles/c78elw1yxe3o
ሊቨርፑል፣ አርሰናል፣ ማንቸስተር ዩናይትድ... ቀጣይ የፕሪሚየር ሊግ ጨዋታዎች ግምት,Sport,https://www.bbc.com/amharic/articles/cm2xy77jml0o
ሰሜን ኮሪያ ከስድስት ዓመታት በኋላ የመጀመሪያውን ዓለም አቀፍ የማራቶን ውድድር አካሄደች,Sport,https://www.bbc.com/amharic/articles/cd6j419330zo
ማንቸስተር ዩናይትድ ከማንቸስተር ሲቲ - የእንግሊዝ ፕሪሚዬር ሊግ ጨዋታዎች ግምት,Sport,https://www.bbc.com/amharic/articles/cm24e0rg8k8o
በማረሚያ ቤቶች እግር ኳስ አሰልጣኝ እየሆኑ ያሉት ምዕራብ አፍሪካውያኑ ሴት ታራሚዎች,Sport,https://www.bbc.com/amharic/articles/cgjlv393792o
ጫና ውስጥ ያለችው ኢትዮጵያ፤ የሱዳን አስደናቂ ጉዞ፤ ውስብስቡ ምድብ እና ሌሎችን የአፍሪካ አህጉር ዓለም ዋንጫ ቀጣይ መርሃ ግብሮች,Sport,https://www.bbc.com/amharic/articles/cvgez784lqvo
አርሰናል ከቼልሲ - ማን ያሸንፋል? የእንግሊዝ ፕሪሚየር ሊግ እና የካራባኦ ዋንጫ ጨዋታዎች ግምቶች,Sport,https://www.bbc.com/amharic/articles/cgj5wjp5w0lo
ሊቨርፑል በፒኤስጂ ተሸንፎ ከአውሮፓ ቻምፒዮንስ ሊግ ውጭ ሆነ,Sport,https://www.bbc.com/amharic/articles/cy7xv40522vo
ማንቸስተር ዩናይትድ በ2 ቢሊዮን ፓውንድ አዲስ ስታድየም ሊገነባ ነው,Sport,https://www.bbc.com/amharic/articles/c93nwkpelx0o
ከዩናይትድ እና ከአርሰናል ማን ያሸንፋል? የእንግሊዝ ፕሪሚየር ሊግ ጨዋታዎች ግምት,Sport,https://www.bbc.com/amharic/articles/c798l2wjlrqo
ታዳጊ ወንዶችን ደፍሯል የተባለው የጋቦን ታዳጊ ብሔራዊ ቡድን አሰልጣኝ የህይወት ዘመን እገዳ ተጣለበት,Sport,https://www.bbc.com/amharic/articles/c8e7136l66zo
"""ኬንያ ለመጪው የዓለም ዋንጫ በማለፍ ብዙዎችን ማስደነቅ ትችላለች"" አዲሱ አሠልጣኝ ቤኒ ማካርቲ",Sport,https://www.bbc.com/amharic/articles/cgm12ngxr47o
አዲሱ የበረኞች የ8 ሰከንድ ሕግ ምን ምን ጉዳዮችን ይዟል? የትኞቹ ግብ ጠባቂዎችስ ሰዓት ያባክናሉ?,Sport,https://www.bbc.com/amharic/articles/c62x836pzx3o
"""'ወንድ ነሽ ተብዬ' ከሴቶች እግር ኳስ ተገለልኩ"" መሳይ ተመስገን",Sport,https://www.bbc.com/amharic/articles/czxn8d89nxxo
ሊቨርፑል ከአርሰናል በ13 ነጥብ ርቆ ወደ ዋንጫ የሚያደርገውን ግስጋሴ ቀጥሎበታል,Sport,https://www.bbc.com/amharic/articles/cnvzzqdmz0do
ሊቨርፑል ከኒውካስል፤ ፎረስት ከአርሰናል. . . የፕሪሚየር ሊግ ጨዋታዎች ግምት,Sport,https://www.bbc.com/amharic/articles/cy83x7pk94no
የኢትዮጵያ ፕሪሚየር ሊግ አክሲዮን ማኅበር መቻል እና ሲዳማ ቡናን በድምሩ 39 ሚሊዮን ብር ቀጣ,Sport,https://www.bbc.com/amharic/articles/ce34l8jqwk9o
የሰባት ወር ነፍሰጡር ሆና በፓሪስ ኦሊምፒክ በመሳተፍ ዓለምን ያስደመመችው ስፖርተኛ,Sport,https://www.bbc.com/amharic/articles/c9wpr115x7xo
ሊቨርፑል ሲቲን በማሸነፍ መሪነቱን ያጠናክራል...? የ26ኛው ሳምንት የፕሪሚየር ሊግ ጨዋታዎች ግምት,Sport,https://www.bbc.com/amharic/articles/cvg5xyxexylo
በዓለም ዋንጫ ፍጻሜ ተጫዋቿን ያለፈቃዷ የሳሙት የቀድሞው የስፔን እግር ኳስ ፌደሬሽን ፕሬዝዳንት ተቀጡ,Sport,https://www.bbc.com/amharic/articles/c8e7l6p6348o
ቶተንሀም ከማንቸስተር ዩናይትድ፡ የእንግሊዝ ፕሪሚዬር ሊግ ጨዋታዎች ግምት,Sport,https://www.bbc.com/amharic/articles/cdry8plz41jo
ኤቨርተን ከሊቨርፑል፡ የመርሲሳይ ደርቢ ለመጨረሻ ጊዜ በጉዲሰን ፓርክ ይደረጋል,Sport,https://www.bbc.com/amharic/articles/c3vp4enzepyo
ዶናልድ ትራምፕ ፆታቸውን የቀየሩ ወንዶች በሴቶች ስፖርት ላይ እንዳይወዳደሩ የሚያግድ ውሳኔ አሳለፉ,Sport,https://www.bbc.com/amharic/articles/c2k53k3jv0xo
ካናዳዊያን የአሜሪካ ብሔራዊ መዝሙር ስቴዲየም ውስጥ እንዳይዘመር አወኩ,Sport,https://www.bbc.com/amharic/articles/cy08dnxnegwo
አርሰናል ከማንቸስተር ሲቲ፡ በውጥረት የተሞላውን ፍልሚያን ማን ይረታል?,Sport,https://www.bbc.com/amharic/articles/cvg4nny9n90o
አርሰናል ከማንቸስትር ሲቲ፡ የእንግሊዝ ፕሪሚየር ሊግ ጨዋታዎች ግምት,Sport,https://www.bbc.com/amharic/articles/cgkjezel227o
ትውልደ ኢትዮጵያዊቷ ናኦሚ ግርማ ክብረ ወሰን በሰበረ ዋጋ ለቼልሲ ፈረመች,Sport,https://www.bbc.com/amharic/articles/cn01xe0dn98o
ኮል ፓልመር - ለጥቁር አያቱ መታሰቢያ ጫማ የሚያደርገው የዩናይትድ ደጋፊው ምትሀተኛ,Sport,https://www.bbc.com/amharic/articles/c0qwn0dx4pno
ማንቸስተር ሲቲ ከቼልሲ እና ሌሎች የእንግሊዝ ፕሪሚየር ሊግ ጨዋታዎች ግምት,Sport,https://www.bbc.com/amharic/articles/c14negkgkx4o
ሪያል ማድሪድ 1 ቢሊዮን ዩሮ ትርፍ በማግኘት የመጀመሪያ ክለብ ሲሆን ዩናይትድ እና አርሰናልም አትርፈዋል,Sport,https://www.bbc.com/amharic/articles/c78w7yd5n22o
በማንቸስተር ዩናይትድ ታሪክ ደካማው ቡድን ሳይሆን አይቀርም- ሩበን አሞሪም,Sport,https://www.bbc.com/amharic/articles/clye1w0ryd5o
"አርሰናል በሜዳው ከቪላ አቻ ቢወጣም አርቴታ ""በልጆቼ ኮርቻለሁ"" አሉ",Sport,https://www.bbc.com/amharic/articles/c805ydz380no
አርሰናል ከአስተን ቪላ - ማን ይረታል? የፕሪሚዬር ሊግ ጨዋታዎች ግምት,Sport,https://www.bbc.com/amharic/articles/c07kk5pd3mjo
አርሰናል ከቶተንሀም፡ ማን ያሸንፋል? የፕሪሚዬር ሊግ ጨዋታዎች ግምት,Sport,https://www.bbc.com/amharic/articles/cd9qne4v57qo
"""የሳትናቸው ኳሶች የማይታመኑ ናቸው"" - በዩናይትድ ከኤፍ ኤ ዋንጫ የተሰናበተው አርሰናል አሰልጣኝ ምን ይላሉ?",Sport,https://www.bbc.com/amharic/articles/cpvm2gg904go
ናፖሊ ራሽፈርድን ለማስፈረም ቆርጧል፤ አሌክሳንደር ኢሳክ ወደ ባርሴሎና ሊያቀና ይችላል,Sport,https://www.bbc.com/amharic/articles/cr7e59nymllo
"""ከጥቃቱ በፊት የሞተ ሰው አይቼ አላውቅም ነበር"" ኢማኑኤል አደባዮር ስለ ቶጎው የአውቶብስ ጥቃት",Sport,https://www.bbc.com/amharic/articles/c20e04z15x4o
አርቴታ ለክለቡ ሽንፈት 'አስቸጋሪ እና በጣም ይበራል' ሲል ኳሱን ተጠያቂ አደረገ,Sport,https://www.bbc.com/amharic/articles/cx2ve2de0emo
የዝውውር ጭምጭምታ፡ ማንቸስተር እና ባየር ሙኒክ የሚሻሙበት አጥቂ እና የሊቨርፑል ጉዳይ,Sport,https://www.bbc.com/amharic/articles/ckg8mz46m3do
"የሩበን አሞሪም ማንቸስተር ዩናይትድ አንፊልድ ላይ ያሳየው ""ተጋድሎ""",Sport,https://www.bbc.com/amharic/articles/c1elx5zgq78o
ሊዮኔል ሜሲ እና ሂላሪ ክሊንተን ከጆ ባይደን የአሜሪካ የነፃነት የክብር ሜዳሊያ ተሰጣቸው,Sport,https://www.bbc.com/amharic/articles/c5ywn6q6zxdo
"""በሕይወቴ እንዲህ ያለ ፍፁም ቅጣት ምት አይቼ አላውቅም"" - ሚኬል አርቴታ",Sport,https://www.bbc.com/amharic/articles/c77jpnxvvzlo
ሊቨርፑል ከማንቸስተር ዩናይትድ - ማን ያሸንፋል? የእንግሊዝ ፕሪሚየር ሊግ ጨዋታዎች ግምት,Sport,https://www.bbc.com/amharic/articles/cy7kzk511kdo
ራሽፎርድ፣ ትሬንት. . . በጥር የዝውውር መስኮት እነማን ሊሄዱ ይችላሉ?,Sport,https://www.bbc.com/amharic/articles/cpq93q44d5qo
ማንቸስተር ዩናይትድ ከሊጉ ሊወርድ ይችላል - ሩበን አሞሪም,Sport,https://www.bbc.com/amharic/articles/cy89wdw3eego
የፕሪሚዬር ሊግ ጨዋታዎች ግምት፡ ማንቸስተር፣ አርሰናል፣ ሊቨርፑል. . . ድል ይቀናቸው ይሆን?,Sport,https://www.bbc.com/amharic/articles/c0mv2113j90o
ሊቨርፑል፣ አርሰናል፣ ቼልሲ ... የፕሪሚየር ሊጉ ጨዋታዎች ግምት,Sport,https://www.bbc.com/amharic/articles/cq62v3jv015o
ቶተንሃም ከሊቨርፑል - ማን ያሸንፋል? የእንግሊዝ ፕሪሚየር ሊግ ጨዋታዎች ግምት,Sport,https://www.bbc.com/amharic/articles/ckg1zgkyy84o
ከፖል ፖግባ በግዳጅ ገንዘብ ለመውሰድ ሞክሯል የተባለው ታላቅ ወንድሙ ሶስት ዓመት ተፈረደበት,Sport,https://www.bbc.com/amharic/articles/c62wnpvk02zo
'ከውድቀት' እስከ አፍሪካ ኮከብነት የዘለቀው የሉክማን አስገራሚ ጉዞ,Sport,https://www.bbc.com/amharic/articles/c86w40g6vy6o
ራሽፈርድ ማንቸስተር ዩናይትድን ጥሎ ይሄድ ይሆን? ማንስ ሊያስፈርመው ይችላል?,Sport,https://www.bbc.com/amharic/articles/c86w47w45p3o
"""የአማድ ዲያሎ ደርቢ"" - ማንቸስተር ዩናይትድ በመጨረሻዎቹ ደቂቃዎች ሲቲን አሸነፈ",Sport,https://www.bbc.com/amharic/articles/cgkx387m8n3o
ፊፋ የክሪሚያን ካርታ ባለማካተቱ ይቅርታ ይጠይቀኝ ስትል ዩክሬን ከሰሰች,Sport,https://www.bbc.com/amharic/articles/c0lg485pe71o
"""ተጫዋቾቼን የምጠይቀው ጎል እንዲያስቆጥሩ ብቻ ነው"" - አርሰናል አጥቂ ማስፈረም ይኖርበታል?",Sport,https://www.bbc.com/amharic/articles/c5yg7pjv4wdo
ሲቲ ከዩናይትድ - ማን ያሸንፋል? የእንግሊዝ ፕሪሚዬር ሊግ ጨዋታዎች ግምት,Sport,https://www.bbc.com/amharic/articles/cn9g105yy0wo
ኪሊያን ምባፔ በስዊድን ቀርቦበታል የተባለው የመድፈር ክስ ውድቅ ተደረገ,Sport,https://www.bbc.com/amharic/articles/c8j9edl3gjgo
ሲሳደቡ እና ዕፅ ሲጠቀሙ ታይተዋል የተባሉት የእንግሊዝ ፕሪሚዬር ሊግ ዳኛ ከሥራቸው ተባረሩ,Sport,https://www.bbc.com/amharic/articles/c0rnzgzlgr5o
ማንቸስተር ዩናይትድ ሲሸነፍ ማንቸስተር ሲቲ ነጥብ ጣለ,Sport,https://www.bbc.com/amharic/articles/crmnng1m14zo
ኡጋንዳዊው የአርሰናል ደጋፊ ከዩናይትድ ጋር ከነበረው ጨዋታ በኋላ በጥይት ተገደለ,Sport,https://www.bbc.com/amharic/articles/cn4x2pp0j8wo
የክሪስታል ፓላሱ አምበል የተመሳሳይ ፆታ አፍቃሪዎች ባንዲራ ላይ ‘እየሱስን እወደዋለሁ’ ብሎ መፃፉ አነጋጋሪ ሆነ,Sport,https://www.bbc.com/amharic/articles/cx27ld8594vo
አርሰናል ከማንቸስተር ዩናይትድ - ማን ያሸንፋል? የእንግሊዝ ፕሪሚየር ሊግ ጨዋታዎች ግምት,Sport,https://www.bbc.com/amharic/articles/c938ppj0leno
ግብፃዊው የኢፕስዊች አምበል “በሃይማኖቱ ምክንያት” የተመሳሳይ ፆታ አፍቃሪያን ባንዲራ አላደርግም አለ,Sport,https://www.bbc.com/amharic/articles/c9q7gqqyn7po
ከ40 ዓመታቸው በኋላም ለብሔራዊ ቡድናቸው የተጫወቱ አፍሪካዊያን ኮከቦች እነማን ናቸው?,Sport,https://www.bbc.com/amharic/articles/c17dgpwjdgro
ሳዑዲ የዓለም ዋንጫን ማዘጋጀቷ “የሰብአዊ መብት አያያዝን እንደሚያሻሽል” ፊፋ ገለጸ,Sport,https://www.bbc.com/amharic/articles/c4gpgjrw58xo
ሊቨርፑል ከማንቸስተር ሲቲ፡ የሳምንቱ ጨዋታዎች ግምት,Sport,https://www.bbc.com/amharic/articles/cpvz932zywyo
ማሸነፍ የናፈቀው ማንቸስተር ሲቲ በቶተንሀም 4-0 ሲሸነፍ መድፈኞቹ ድል ቀንቷቸዋል,Sport,https://www.bbc.com/amharic/articles/c629v146394o
ማንቸስተር ሲቲ ከቶተንሃም፣ ኢፕስዊች ከማንቸስተር ዩናይትድ...የሳምንቱ ጨዋታዎች ግምት,Sport,https://www.bbc.com/amharic/articles/ckgv8ee9zmno
ከ19 ዓመታት በኋላ የተፋለመው የዓለማችን ታላቁ ቦክሰኛ ታይሰን ተሸነፈ,Sport,https://www.bbc.com/amharic/articles/c245d50l45yo
ኢትዮጵያ እና እንግሊዝን ጨምሮ በእግር ኳስ ዋንጫ ካነሱ አስርታትን ያስቆጠሩ 10 ሀገራት,Sport,https://www.bbc.com/amharic/articles/cvg5nkqpdpxo
ፈረንሳይ የአምስተርዳሙን ግጭት ተከትሎ ከእስራኤል ጋር ለምታደርገው ጨዋታ  ጥበቃዋን አጠናክራለች,Sport,https://www.bbc.com/amharic/articles/crr9ky87ng5o
ከሥራ የታገዱት የእንግሊዝ ፕሪሚዬር ሊግ ዳኛ አደገኛ ዕፅ ሲጠቀሙ የሚያሳይ ቪድዮ ወጣ,Sport,https://www.bbc.com/amharic/articles/c74lxp0qq28o
ሊቨርፑልን ሲያንቋሽሹ በቪድዮ የታዩት የእንግሊዝ ፕሪሚዬር ሊግ ዳኛ ከሥራቸው ታገዱ,Sport,https://www.bbc.com/amharic/articles/c80l39jdpggo
ቼልሲ ከአርሰናል - ማን ያሸንፋል? የፕሪሚዬር ሊግ ጨዋታዎች ውጤት ግምት,Sport,https://www.bbc.com/amharic/articles/c78dmz9lenro
የኡጋንዳዊው አትሌት ኪፕላጋት ገዳዮች 35 ዓመት ተፈረደባቸው,Sport,https://www.bbc.com/amharic/articles/c5y5708268wo
አርሰናል እና ማንቸስተር ሲቲ ሽንፈት ሲቀምሱ፤ ሊቨርፑል ወደ ሊጉ መሪነት ተመልሷል,Sport,https://www.bbc.com/amharic/articles/c8xp818n1xwo
ማንቸስተር ዩናይትድ ከቼልሲ - ማን ያሸንፋል? የፕሪሚዬር ሊግ ጨዋታዎች ግምት,Sport,https://www.bbc.com/amharic/articles/cpdvejjlj6eo
ከናኦሚ ግርማ ጋር ለቢቢሲ የዓመቱ ምርጥ ሴት እግር ኳስ ተጫዋችነት ክብር የሚፎካከሩት እነማን ናቸው?,Sport,https://www.bbc.com/amharic/articles/c9wk0dq7eg4o
የማንቸስተር ሲቲው ሮድሪ የባለን ዶር አሸናፊ ሆነ,Sport,https://www.bbc.com/amharic/articles/czj7d087r9jo
ኤሪክ ቴን ሃግ ከማንቸስተር ዩናይትድ አሠልጣኝነታቸው ተባረሩ,Sport,https://www.bbc.com/amharic/articles/cvg7mee79xpo
ኤልክላሲኮ፡ ሪያል ማድሪድ ‘ሊረሳው በሚገባው 30 ደቂቃ’ 4 ግቦች ተቆጥረውበት በባርሴሎና ተሸነፈ,Sport,https://www.bbc.com/amharic/articles/cr4lle77ql3o
ኤርትራ እራሷን በማግለሏ ለቻን ማጣሪያ ከኢትዮጵያ ቡድን ጋር የነበራት ግጥሚያ ተሰረዘ,Sport,https://www.bbc.com/amharic/articles/c207mrpv21ro
አርሰናል ከሊቨርፑል - ማን ያሸንፋል? የእንግሊዝ ፕሪሚየር ሊግ ጨዋታዎች ግምት,Sport,https://www.bbc.com/amharic/articles/c5y3jq9vnnqo
ተከላካዩን በቀይ ካርድ ያጣው አርሰናል የመጀመሪያ ሽንፈቱን ቀመሰ,Sport,https://www.bbc.com/amharic/articles/cn8y3zzlzrjo
ሊቨርፑል ከቼልሲ - ማን ያሸንፋል? የፕሪሚዬር ሊግ ጨዋታዎች ግምት,Sport,https://www.bbc.com/amharic/articles/crejywvx40vo
የናይጄሪያ ብሔራዊ እግር ኳስ ቡድን በሊቢያ አየር ማረፊያ የገጠመው ምንድነው?,Sport,https://www.bbc.com/amharic/articles/cgry74jdqezo
ኬንያዊቷ አትሌት በትዕግስት አሰፋ ተይዞ የነበረውን የማራቶን ክብረ ወሰን ሰበረች,Sport,https://www.bbc.com/amharic/articles/cdjek4vp9mlo
የምድራችንን ከፍተኛ ተራሮችን መውጣት የቻለው ታዳጊ ክብረ ወሰን ሰበረ,Sport,https://www.bbc.com/amharic/articles/c5yw8e9n9r8o
በኪም ቤተሰብ የሚደጎመው የሰሜን ኮሪያ የሴቶች እግር ኳስ ቡድን አነሳስ እና አወዳደቅ,Sport,https://www.bbc.com/amharic/articles/c5y5pv82mgzo
ፖል ፖግባ አበረታች መድኃኒት በመጠቀም የተጣለበት ዕግድ ወደ 18 ወራት ተቀነሰ,Sport,https://www.bbc.com/amharic/articles/c2ekpp9jr40o
የዓለም የማራቶን ክብረ ወሰን ባለቤቷ በድንቃ ድንቅ መዝገብ ላይ ስሟ ስለመስፈሩ ምን አለች?,Sport,https://www.bbc.com/amharic/articles/cr75l20gn9zo
ዩናይትድ በቪላ ከተሸነፈ ቴን ሃግ ይባረራሉ? የፕሪሚየር ሊጉ ጨዋታዎች ግምት,Sport,https://www.bbc.com/amharic/articles/ce3wzw98yqvo
ከኢትዮጵያ ፕሪሚየር ሊግ የተሰረዘው ወልቂጤ ከተማ እጣ ፈንታ ምን ይሆናል?,Sport,https://www.bbc.com/amharic/articles/cj04yp30n2mo
ማንቸስተር ዩናይትድ ከቶተንሀም - ቁጥሮች ምን ይላሉ? የሰቱን ግምትስ?,Sport,https://www.bbc.com/amharic/articles/c70z7z9jjz7o
አርሰናል ከጥቁር ማንነት ጋር እንዴት ሊተሳሰር ቻለ?,Sport,https://www.bbc.com/amharic/articles/cyvyjp49m04o
ዩናይትድ ከስፐርስ፡ ማን ያሸንፋል? የእንግሊዝ ፕሪሚየር ሊግ ጨዋታዎች ግምት,Sport,https://www.bbc.com/amharic/articles/cly53y1668qo
‘አስቀያሚ አጨዋወት’ እና ‘ተአምር’ የታየበት የማንቸስተር ሲቲ እና የአርሰናል ጨዋታ ምን አስመለከተን?,Sport,https://www.bbc.com/amharic/articles/c20md5n3y3yo
ፓኔንካ - የጀርመኖችን ልብ የሰበረው አነጋጋሪው የፍፁም ቅጣት ምት አመታት,Sport,https://www.bbc.com/amharic/articles/cp8n774ppg9o
የእንግሊዝ ፕሪሚዬር ሊግ ተጫዋቾች “ጨዋታ በዛብን” በሚል አድማ ይመቱ ይሆን? ሕጉስ ምን ይላል?,Sport,https://www.bbc.com/amharic/articles/ckg2zejne38o
ማንቸስተር ሲቲ ከአርሰናል: ማን ሦስት ነጥቡን ይወስዳል? በሌሎቹ ጨዋታዎች እነማን ያሸንፋሉ?,Sport,https://www.bbc.com/amharic/articles/c23kvd20gpro
አዲሱ የቻምፒዮንስ ሊግ መርሀ-ግብር እንዴት ነው የሚሠራው? የደረጃ ሰንጠረዡን ማን እየመራ ነው?,Sport,https://www.bbc.com/amharic/articles/cm2nrr19e28o
አርሰናል፣ ማንቸስተር ሲቲ፣ ሪያል ማድሪድ...የዘንድሮውን የሻምፒዮንስ ሊግ ዋንጫ ማን ያነሳል? እነማንስ ጎልተው ይወጣሉ?,Sport,https://www.bbc.com/amharic/articles/c4glmlrj939o
በሰሜን ለንደን ደርቢ አርሰናል የበላይነቱን በማሳየት ታላቅ ድል አሳካ,Sport,https://www.bbc.com/amharic/articles/cgk77np2ekvo
የማንችስተር ሲቲ ክስ መታየት ጀምሯል፤ ለመሆኑ ክለቡ የቀረበበት ክስ ምንድን ነው?,Sport,https://www.bbc.com/amharic/articles/cy8x8ezy2w8o
የዩናይትድ ድል፣ የሊቨርፑል እና የኤቨርተን አስደናቂ ሽንፈት,Sport,https://www.bbc.com/amharic/articles/c4gle1penyko
ክርስትያኖ ሮናልዶ የማሕበራዊ ሚዲያ ተከታዮቹ ቁጥር  1 ቢሊዮን ደረሰ,Sport,https://www.bbc.com/amharic/articles/cn5r55w61k0o
